1	Al Martino	Here in My Heart	1952	Capitol	14 November 1952	9
2	Jo Stafford	You Belong to Me	1953	Columbia	16 January 1953	1
3	Kay Starr	Comes A-Long A-Love	1953	Capitol	23 January 1953	1
4	Eddie Fisher	Outside of Heaven	1953	HMV	30 January 1953	1
5	Perry Como	Don't Let the Stars Get in Your Eyes	1953	HMV	6 February 1953	5
6	Guy Mitchell	She Wears Red Feathers	1953	Columbia	13 March 1953	4
7	The Stargazers	Broken Wings	1953	Decca	10 April 1953	1
8	Lita Roza	(How Much Is) That Doggie in the Window?	1953	Decca	17 April 1953	1
9	Frankie Laine	I Believe	1953	Philips	24 April 1953	9
10	Eddie Fisher with Sally Sweetland	I'm Walking Behind You	1953	HMV	26 June 1953	1
11	Mantovani	The Song from Moulin Rouge	1953	Decca	14 August 1953	1
12	Guy Mitchell	Look at That Girl	1953	Philips	11 September 1953	6
13	Frankie Laine	Hey Joe	1953	Philips	23 October 1953	2
14	David Whitfield	Answer Me	1953	Decca	6 November 1953	1
15	Frankie Laine	Answer Me	1953	Philips	13 November 1953	8
16	Eddie Calvert	Oh Mein Papa	1954	Columbia	8 January 1954	9
17	The Stargazers	I See the Moon	1954	Decca	12 March 1954	5
18	Doris Day	Secret Love	1954	Philips	16 April 1954	1
19	Johnnie Ray	Such a Night	1954	Philips	30 April 1954	1
20	David Whitfield with Mantovani and his Orchestra	Cara Mia	1954	Decca	2 July 1954	10
21	Kitty Kallen	Little Things Mean a Lot	1954	Brunswick	10 September 1954	1
22	Frank Sinatra	Three Coins in the Fountain	1954	Capitol	17 September 1954	3
23	Don Cornell	Hold My Hand	1954	Vogue	8 October 1954	4
24	Vera Lynn	My Son, My Son	1954	Decca	5 November 1954	2
25	Rosemary Clooney	This Ole House	1954	Philips	26 November 1954	1
26	Winifred Atwell	Let's Have Another Party	1954	Philips	3 December 1954	5
27	Dickie Valentine with the Stargazers	The Finger of Suspicion	1955	Decca	7 January 1955	1
28	Rosemary Clooney	Mambo Italiano	1955	Philips	14 January 1955	1
29	Ruby Murray	Softly, Softly	1955	Columbia	18 February 1955	3
30	Tennessee Ernie Ford	Give Me Your Word	1955	Capitol	11 March 1955	7
31	Pérez Prado and his Orchestra	Cherry Pink (and Apple Blossom White)	1955	HMV	29 April 1955	2
32	Tony Bennett	Stranger in Paradise	1955	Philips	13 May 1955	2
33	Eddie Calvert	Cherry Pink (and Apple Blossom White)	1955	Columbia	27 May 1955	4
34	Jimmy Young	Unchained Melody	1955	Decca	24 June 1955	3
35	Alma Cogan	Dreamboat	1955	HMV	15 July 1955	2
36	Slim Whitman	Rose Marie	1955	London	29 July 1955	11
37	Jimmy Young	The Man from Laramie	1955	Decca	14 October 1955	4
38	The Johnston Brothers	Hernando's Hideaway	1955	Decca	11 November 1955	2
39	Bill Haley & His Comets	Rock Around the Clock	1955	Brunswick	25 November 1955	3
40	Dickie Valentine	Christmas Alphabet	1955	Decca	16 December 1955	3
re	Bill Haley & His Comets	Rock Around the Clock	1956	Brunswick	6 January 1956	2
41	Tennessee Ernie Ford	Sixteen Tons	1956	Capitol	20 January 1956	4
42	Dean Martin	Memories Are Made of This	1956	Capitol	17 February 1956	4
43	The Dream Weavers	It's Almost Tomorrow	1956	Brunswick	16 March 1956	2
44	Kay Starr	Rock and Roll Waltz	1956	HMV	30 March 1956	1
45	Winifred Atwell	The Poor People of Paris	1956	Decca	13 April 1956	3
46	Ronnie Hilton	No Other Love	1956	HMV	4 May 1956	6
47	Pat Boone	I'll Be Home	1956	London	15 June 1956	5
48	The Teenagers	Why Do Fools Fall in Love	1956	Columbia	20 July 1956	3
49	Doris Day	Whatever Will Be, Will Be (Que Sera, Sera)	1956	Philips	10 August 1956	6
50	Anne Shelton	Lay Down Your Arms	1956	Philips	21 September 1956	4
51	Frankie Laine	A Woman in Love	1956	Philips	19 October 1956	4
52	Johnnie Ray	Just Walking in the Rain	1956	Philips	16 November 1956	7
53	Guy Mitchell	Singing the Blues	1957	Philips	4 January 1957	1
54	Tommy Steele	Singing the Blues	1957	Decca	11 January 1957	1
55	Frankie Vaughan	The Garden of Eden	1957	Philips	25 January 1957	4
56	Tab Hunter	Young Love	1957	London	22 February 1957	7
57	Lonnie Donegan	Cumberland Gap	1957	Pye Nixa	12 April 1957	5
58	Guy Mitchell	Rock-a-Billy	1957	Philips	17 May 1957	1
59	Andy Williams	Butterfly	1957	London	24 May 1957	2
60	Johnnie Ray	Yes Tonight Josephine	1957	Philips	7 June 1957	3
61	Lonnie Donegan	Gamblin' Man / Puttin' On the Style	1957	Pye Nixa	28 June 1957	2
62	Elvis Presley	All Shook Up	1957	RCA	12 July 1957	7
63	Paul Anka	Diana	1957	Columbia	30 August 1957	9
64	The Crickets	That'll Be the Day	1957	Vogue Coral	1 November 1957	3
65	Harry Belafonte	Mary's Boy Child	1957	RCA	22 November 1957	7
66	Jerry Lee Lewis	Great Balls of Fire	1958	London	10 January 1958	2
67	Elvis Presley	Jailhouse Rock	1958	RCA	24 January 1958	3
68	Michael Holliday	The Story of My Life	1958	Columbia	14 February 1958	2
69	Perry Como	Magic Moments	1958	RCA	28 February 1958	8
70	Marvin Rainwater	Whole Lotta Woman	1958	MGM	25 April 1958	3
71	Connie Francis	Who's Sorry Now	1958	MGM	16 May 1958	6
72	Vic Damone	On the Street Where You Live	1958	Philips	27 June 1958	2
73	The Everly Brothers	All I Have to Do Is Dream / Claudette	1958	London	4 July 1958	7
74	The Kalin Twins	When	1958	Brunswick	22 August 1958	5
75	Connie Francis	Stupid Cupid / Carolina Moon	1958	MGM	26 September 1958	6
76	Tommy Edwards	It's All in the Game	1958	MGM	7 November 1958	3
77	Lord Rockingham's XI	Hoots Mon	1958	Decca	28 November 1958	3
78	Conway Twitty	It's Only Make Believe	1958	MGM	19 December 1958	5
79	Jane Morgan	The Day the Rains Came	1959	London	23 January 1959	1
80	Elvis Presley	One Night / I Got Stung	1959	RCA	30 January 1959	3
81	Shirley Bassey	As I Love You	1959	Columbia	20 February 1959	4
82	The Platters	Smoke Gets in Your Eyes	1959	Mercury	20 March 1959	1
83	Russ Conway	Side Saddle	1959	Columbia	27 March 1959	4
84	Buddy Holly	It Doesn't Matter Anymore	1959	Coral	24 April 1959	3
85	Elvis Presley	A Fool Such as I / I Need Your Love Tonight	1959	RCA	15 May 1959	5
86	Russ Conway	Roulette	1959	Columbia	19 June 1959	2
87	Bobby Darin	Dream Lover	1959	London	3 July 1959	4
88	Cliff Richard and the Drifters	Living Doll	1959	Columbia	31 July 1959	6
89	Craig Douglas	Only Sixteen	1959	Top Rank	11 September 1959	4
90	Jerry Keller	Here Comes Summer	1959	London	9 October 1959	1
91	Bobby Darin	Mack the Knife	1959	London	16 October 1959	2
92	Cliff Richard and the Shadows	Travellin' Light	1959	Columbia	30 October 1959	5
93	Adam Faith	What Do You Want?	1959	Parlophone	4 December 1959	3
94	Emile Ford and the Checkmates	What Do You Want to Make Those Eyes at Me For?	1959	Pye	18 December 1959	6
95	Michael Holliday	Starry Eyed	1960	Columbia	29 January 1960	1
96	Anthony Newley	Why	1960	Decca	5 February 1960	4
97	Adam Faith	Poor Me	1960	Parlophone	3 March 1960	2
98	Johnny Preston	Running Bear	1960	Mercury	17 March 1960	2
99	Lonnie Donegan	My Old Man's a Dustman	1960	Pye	31 March 1960	4
100	Anthony Newley	Do You Mind?	1960	Decca	28 April 1960	1
101	The Everly Brothers	Cathy's Clown	1960	Warner Bros.	5 May 1960	7
102	Eddie Cochran	Three Steps to Heaven	1960	London	23 June 1960	2
103	Jimmy Jones	Good Timin'	1960	MGM	7 July 1960	3
104	Cliff Richard and the Shadows	Please Don't Tease	1960	Columbia	28 July 1960	1
105	Johnny Kidd and the Pirates	Shakin' All Over	1960	HMV	4 August 1960	1
106	The Shadows	Apache	1960	Columbia	25 August 1960	5
107	Ricky Valance	Tell Laura I Love Her	1960	Columbia	29 September 1960	3
108	Roy Orbison	Only the Lonely	1960	London	20 October 1960	2
109	Elvis Presley	It's Now or Never	1960	RCA	3 November 1960	8
110	Cliff Richard and the Shadows	I Love You	1960	Columbia	29 December 1960	2
111	Johnny Tillotson	Poetry in Motion	1961	London	12 January 1961	2
112	Elvis Presley	Are You Lonesome Tonight?	1961	RCA	26 January 1961	4
113	Petula Clark	Sailor	1961	Pye	23 February 1961	1
114	The Everly Brothers	Walk Right Back / Ebony Eyes	1961	Warner Bros.	2 March 1961	3
115	Elvis Presley	Wooden Heart	1961	RCA	23 March 1961	6
116	The Marcels	Blue Moon	1961	Pye International	4 May 1961	2
117	Floyd Cramer	On the Rebound	1961	RCA	18 May 1961	1
118	The Temperance Seven	You're Driving Me Crazy	1961	Parlophone	25 May 1961	1
119	Elvis Presley	Surrender	1961	RCA	1 June 1961	4
120	Del Shannon	Runaway	1961	London	29 June 1961	3
121	The Everly Brothers	Temptation	1961	Warner Bros.	20 July 1961	2
122	Eden Kane	Well I Ask You	1961	Decca	3 August 1961	1
123	Helen Shapiro	You Don't Know	1961	Columbia	10 August 1961	3
124	John Leyton	Johnny Remember Me	1961	Top Rank	31 August 1961	3
125	Shirley Bassey	Reach for the Stars / Climb Ev'ry Mountain	1961	Columbia	21 September 1961	1
126	The Shadows	Kon-Tiki	1961	Columbia	5 October 1961	1
127	The Highwaymen	Michael	1961	HMV	12 October 1961	1
128	Helen Shapiro	Walkin' Back to Happiness	1961	Columbia	19 October 1961	3
129	Elvis Presley	(Marie's the Name) His Latest Flame / Little Sister	1961	RCA	9 November 1961	4
130	Frankie Vaughan	Tower of Strength	1961	Philips	7 December 1961	3
131	Danny Williams	Moon River	1961	HMV	28 December 1961	2
132	Cliff Richard and the Shadows	The Young Ones	1962	Columbia	11 January 1962	6
133	Elvis Presley	Can't Help Falling in Love / Rock-A-Hula Baby	1962	RCA	22 February 1962	4
134	The Shadows	Wonderful Land	1962	Columbia	22 March 1962	8
135	B. Bumble and the Stingers	Nut Rocker	1962	Top Rank	17 May 1962	1
136	Elvis Presley	Good Luck Charm	1962	RCA	24 May 1962	5
137	Mike Sarne with Wendy Richard	Come Outside	1962	Parlophone	28 June 1962	2
138	Ray Charles	I Can't Stop Loving You	1962	HMV	12 July 1962	2
139	Frank Ifield	I Remember You	1962	Columbia	26 July 1962	7
140	Elvis Presley	She's Not You	1962	RCA	13 September 1962	3
141	The Tornados	Telstar	1962	Decca	4 October 1962	5
142	Frank Ifield	Lovesick Blues	1962	Columbia	8 November 1962	5
143	Elvis Presley	Return to Sender	1962	RCA	13 December 1962	3
144	Cliff Richard and the Shadows	The Next Time / Bachelor Boy	1963	Columbia	3 January 1963	3
145	The Shadows	Dance On!	1963	Columbia	24 January 1963	1
146	Jet Harris and Tony Meehan	Diamonds	1963	Decca	31 January 1963	3
147	Frank Ifield	The Wayward Wind	1963	Columbia	21 February 1963	3
148	Cliff Richard and the Shadows	Summer Holiday	1963	Columbia	14 March 1963	2
149	The Shadows	Foot Tapper	1963	Columbia	28 March 1963	1
150	Gerry and the Pacemakers	How Do You Do It?	1963	Columbia	11 April 1963	3
151	The Beatles	From Me to You	1963	Parlophone	2 May 1963	7
152	Gerry and the Pacemakers	I Like It	1963	Columbia	20 June 1963	4
153	Frank Ifield	Confessin'	1963	Columbia	18 July 1963	2
154	Elvis Presley	(You're the) Devil in Disguise	1963	RCA	1 August 1963	1
155	The Searchers	Sweets for My Sweet	1963	Pye	8 August 1963	2
156	Billy J. Kramer and the Dakotas	Bad to Me	1963	Parlophone	22 August 1963	3
157	The Beatles	She Loves You	1963	Parlophone	12 September 1963	4
158	Brian Poole and the Tremeloes	Do You Love Me	1963	Decca	10 October 1963	3
159	Gerry and the Pacemakers	You'll Never Walk Alone	1963	Columbia	31 October 1963	4
160	The Beatles	I Want to Hold Your Hand	1963	Parlophone	12 December 1963	5
161	The Dave Clark Five	Glad All Over	1964	Columbia	16 January 1964	2
162	The Searchers	Needles and Pins	1964	Pye	30 January 1964	3
163	The Bachelors	Diane	1964	Decca	20 February 1964	1
164	Cilla Black	Anyone Who Had a Heart	1964	Parlophone	27 February 1964	3
165	Billy J. Kramer and the Dakotas	Little Children	1964	Parlophone	19 March 1964	2
166	The Beatles	Can't Buy Me Love	1964	Parlophone	2 April 1964	3
167	Peter and Gordon	A World Without Love	1964	Columbia	23 April 1964	2
168	The Searchers	Don't Throw Your Love Away	1964	Pye	7 May 1964	2
169	The Four Pennies	Juliet	1964	Philips	21 May 1964	1
170	Cilla Black	You're My World	1964	Parlophone	28 May 1964	4
171	Roy Orbison	It's Over	1964	London	25 June 1964	2
172	The Animals	The House of the Rising Sun	1964	Columbia	9 July 1964	1
173	The Rolling Stones	It's All Over Now	1964	Decca	16 July 1964	1
174	The Beatles	A Hard Day's Night	1964	Parlophone	23 July 1964	3
175	Manfred Mann	Do Wah Diddy Diddy	1964	HMV	13 August 1964	2
176	The Honeycombs	Have I the Right?	1964	Pye	27 August 1964	2
177	The Kinks	You Really Got Me	1964	Pye	10 September 1964	2
178	Herman's Hermits	I'm Into Something Good	1964	Columbia	24 September 1964	2
179	Roy Orbison	Oh, Pretty Woman	1964	London	8 October 1964	2
180	Sandie Shaw	(There's) Always Something There to Remind Me	1964	Pye	22 October 1964	3
181	The Supremes	Baby Love	1964	Stateside	19 November 1964	2
182	The Rolling Stones	Little Red Rooster	1964	Decca	3 December 1964	1
183	The Beatles	I Feel Fine	1964	Parlophone	10 December 1964	5
184	Georgie Fame and the Blue Flames	Yeh, Yeh	1965	Columbia	14 January 1965	2
185	The Moody Blues	Go Now	1965	Decca	28 January 1965	1
186	The Righteous Brothers	You've Lost That Lovin' Feelin'	1965	London	4 February 1965	2
187	The Kinks	Tired of Waiting for You	1965	Pye	18 February 1965	1
188	The Seekers	I'll Never Find Another You	1965	Columbia	25 February 1965	2
189	Tom Jones	It's Not Unusual	1965	Decca	11 March 1965	1
190	The Rolling Stones	The Last Time	1965	Decca	18 March 1965	3
191	Unit 4 + 2	Concrete and Clay	1965	Decca	8 April 1965	1
192	Cliff Richard	The Minute You're Gone	1965	Columbia	15 April 1965	1
193	The Beatles	Ticket to Ride	1965	Parlophone	22 April 1965	3
194	Roger Miller	King of the Road	1965	Philips	13 May 1965	1
195	Jackie Trent	Where Are You Now	1965	Pye	20 May 1965	1
196	Sandie Shaw	Long Live Love	1965	Pye	27 May 1965	3
197	Elvis Presley	Crying in the Chapel	1965	RCA	17 June 1965	1
198	The Hollies	I'm Alive	1965	Parlophone	24 June 1965	1
199	The Byrds	Mr. Tambourine Man	1965	CBS	22 July 1965	2
200	The Beatles	Help!	1965	Parlophone	5 August 1965	3
201	Sonny & Cher	I Got You Babe	1965	Atlantic	26 August 1965	2
202	The Rolling Stones	(I Can't Get No) Satisfaction	1965	Decca	9 September 1965	2
203	The Walker Brothers	Make It Easy on Yourself	1965	Philips	23 September 1965	1
204	Ken Dodd	Tears	1965	Columbia	30 September 1965	5
205	The Rolling Stones	Get Off of My Cloud	1965	Decca	4 November 1965	3
206	The Seekers	The Carnival Is Over	1965	Columbia	25 November 1965	3
207	The Beatles	Day Tripper / We Can Work It Out	1965	Parlophone	16 December 1965	5
208	The Spencer Davis Group	Keep On Running	1966	Fontana	20 January 1966	1
209	The Overlanders	Michelle	1966	Pye	27 January 1966	3
210	Nancy Sinatra	These Boots Are Made for Walkin'	1966	Reprise	17 February 1966	4
211	The Walker Brothers	The Sun Ain't Gonna Shine Anymore	1966	Philips	17 March 1966	4
212	The Spencer Davis Group	Somebody Help Me	1966	Fontana	14 April 1966	2
213	Dusty Springfield	You Don't Have to Say You Love Me	1966	Philips	28 April 1966	1
214	Manfred Mann	Pretty Flamingo	1966	HMV	5 May 1966	3
215	The Rolling Stones	Paint It Black	1966	Decca	26 May 1966	1
216	Frank Sinatra	Strangers in the Night	1966	Reprise	2 June 1966	3
217	The Beatles	Paperback Writer	1966	Parlophone	23 June 1966	2
218	The Kinks	Sunny Afternoon	1966	Pye	7 July 1966	2
219	Georgie Fame and the Blue Flames	Get Away	1966	Columbia	21 July 1966	1
220	Chris Farlowe	Out of Time	1966	Immediate	28 July 1966	1
221	The Troggs	With a Girl Like You	1966	Fontana	4 August 1966	2
222	The Beatles	Yellow Submarine / Eleanor Rigby	1966	Parlophone	18 August 1966	4
223	Small Faces	All or Nothing	1966	Decca	15 September 1966	1
224	Jim Reeves	Distant Drums	1966	RCA	22 September 1966	5
225	Four Tops	Reach Out I'll Be There	1966	Tamla Motown	27 October 1966	3
226	The Beach Boys	Good Vibrations	1966	Capitol	17 November 1966	2
227	Tom Jones	Green, Green Grass of Home	1966	Decca	1 December 1966	7
228	The Monkees	I'm a Believer	1967	RCA	19 January 1967	4
229	Petula Clark	This Is My Song	1967	Pye	16 February 1967	2
230	Engelbert Humperdinck	Release Me	1967	Decca	2 March 1967	6
231	Frank and Nancy Sinatra	Somethin' Stupid	1967	Reprise	13 April 1967	2
232	Sandie Shaw	Puppet on a String	1967	Pye	27 April 1967	3
233	The Tremeloes	Silence Is Golden	1967	CBS	18 May 1967	3
234	Procol Harum	A Whiter Shade of Pale	1967	Deram	8 June 1967	6
235	The Beatles	All You Need Is Love	1967	Parlophone	19 July 1967	3
236	Scott McKenzie	San Francisco (Be Sure to Wear Flowers in Your Hair)	1967	CBS	9 August 1967	4
237	Engelbert Humperdinck	The Last Waltz	1967	Decca	6 September 1967	5
238	Bee Gees	Massachusetts	1967	Polydor	11 October 1967	4
239	The Foundations	Baby Now That I've Found You	1967	Pye	8 November 1967	2
240	Long John Baldry	Let the Heartaches Begin	1967	Pye	22 November 1967	2
241	The Beatles	Hello, Goodbye	1967	Parlophone	6 December 1967	7
242	Georgie Fame	The Ballad of Bonnie and Clyde	1968	CBS	24 January 1968	1
243	Love Affair	Everlasting Love	1968	CBS	31 January 1968	2
244	Manfred Mann	Mighty Quinn	1968	Fontana	14 February 1968	2
245	Esther and Abi Ofarim	Cinderella Rockefella	1968	Philips	28 February 1968	3
246	Dave Dee, Dozy, Beaky, Mick & Tich	The Legend of Xanadu	1968	Fontana	20 March 1968	1
247	The Beatles	Lady Madonna	1968	Parlophone	27 March 1968	2
248	Cliff Richard	Congratulations	1968	Columbia	10 April 1968	2
249	Louis Armstrong	What a Wonderful World	1968	HMV	24 April 1968	4
250	Gary Puckett and the Union Gap	Young Girl	1968	CBS	22 May 1968	4
251	The Rolling Stones	Jumpin' Jack Flash	1968	Decca	19 June 1968	2
252	The Equals	Baby, Come Back	1968	President	3 July 1968	3
253	Des O'Connor	I Pretend	1968	Columbia	24 July 1968	1
254	Tommy James and the Shondells	Mony Mony	1968	Major Minor	31 July 1968	2
255	The Crazy World of Arthur Brown	Fire	1968	Track	14 August 1968	1
256	The Beach Boys	Do It Again	1968	Capitol	28 August 1968	1
257	Bee Gees	I've Gotta Get a Message to You	1968	Polydor	4 September 1968	1
258	The Beatles	Hey Jude	1968	Apple	11 September 1968	2
259	Mary Hopkin	Those Were the Days	1968	Apple	25 September 1968	6
260	Joe Cocker	With a Little Help from My Friends	1968	Regal Zonophone	6 November 1968	1
261	Hugo Montenegro	The Good, the Bad and the Ugly	1968	RCA	13 November 1968	4
262	The Scaffold	Lily the Pink	1968	Parlophone	11 December 1968	3
263	Marmalade	Ob-La-Di, Ob-La-Da	1969	CBS	1 January 1969	1
re	The Scaffold	Lily the Pink	1969	Parlophone	8 January 1969	1
264	Fleetwood Mac	Albatross	1969	Blue Horizon	29 January 1969	1
265	The Move	Blackberry Way	1969	Regal Zonophone	5 February 1969	1
266	Amen Corner	(If Paradise Is) Half as Nice	1969	Immediate	12 February 1969	2
267	Peter Sarstedt	Where Do You Go To (My Lovely)?	1969	United Artists	26 February 1969	4
268	Marvin Gaye	I Heard It Through the Grapevine	1969	Tamla Motown	26 March 1969	3
269	Desmond Dekker and the Aces	Israelites	1969	Pyramid	16 April 1969	1
270	The Beatles with Billy Preston	Get Back	1969	Apple	23 April 1969	6
271	Tommy Roe	Dizzy	1969	Stateside	4 June 1969	1
272	The Beatles	The Ballad of John and Yoko	1969	Apple	11 June 1969	3
273	Thunderclap Newman	Something in the Air	1969	Track	2 July 1969	3
274	The Rolling Stones	Honky Tonk Women	1969	Decca	23 July 1969	5
275	Zager and Evans	In the Year 2525	1969	RCA	24 August 1969	3
276	Creedence Clearwater Revival	Bad Moon Rising	1969	Liberty	14 September 1969	3
277	Jane Birkin and Serge Gainsbourg	Je t'aime... moi non plus	1969	Major Minor	5 October 1969	1
278	Bobbie Gentry	I'll Never Fall in Love Again	1969	Capitol	12 October 1969	1
279	The Archies	Sugar, Sugar	1969	RCA	19 October 1969	8
280	Rolf Harris	Two Little Boys	1969	Columbia	14 December 1969	6
281	Edison Lighthouse	Love Grows (Where My Rosemary Goes)	1970	Bell	31 January 1970	5
282	Lee Marvin	Wand'rin' Star	1970	Paramount	7 March 1970	3
283	Simon & Garfunkel	Bridge over Troubled Water	1970	CBS	28 March 1970	3
284	Dana	All Kinds of Everything	1970	Rex	18 April 1970	2
285	Norman Greenbaum	Spirit in the Sky	1970	Reprise	2 May 1970	2
286	England World Cup Squad	Back Home	1970	Pye	16 May 1970	3
287	Christie	Yellow River	1970	CBS	6 June 1970	1
288	Mungo Jerry	In the Summertime 	1970	Dawn	13 June 1970	7
289	Elvis Presley	The Wonder of You	1970	RCA	1 August 1970	6
290	Smokey Robinson and the Miracles	The Tears of a Clown	1970	Tamla Motown	12 September 1970	1
291	Freda Payne	Band of Gold	1970	Invictus	19 September 1970	6
292	Matthews Southern Comfort	Woodstock	1970	Uni	31 October 1970	3
293	The Jimi Hendrix Experience	Voodoo Child (Slight Return)	1970	Track	21 November 1970	1
294	Dave Edmunds	I Hear You Knocking	1970	MAM	28 November 1970	6
295	Clive Dunn	Grandad	1971	Columbia	9 January 1971	3
296	George Harrison	My Sweet Lord	1971	Apple	30 January 1971	5
297	Mungo Jerry	Baby Jump	1971	Dawn	6 March 1971	2
298	T. Rex	Hot Love	1971	Fly	20 March 1971	6
299	Dave and Ansell Collins	Double Barrel	1971	Techniques	1 May 1971	2
300	Dawn	Knock Three Times	1971	Bell	15 May 1971	5
301	Middle of the Road	Chirpy Chirpy Cheep Cheep	1971	RCA	19 June 1971	5
302	T. Rex	Get It On	1971	Fly	24 July 1971	4
303	Diana Ross	I'm Still Waiting	1971	Tamla Motown	21 August 1971	4
304	The Tams	Hey Girl Don't Bother Me	1971	Probe	18 September 1971	3
305	Rod Stewart	Reason to Believe / Maggie May	1971	Mercury	9 October 1971	5
306	Slade	Coz I Luv You	1971	Polydor	13 November 1971	4
307	Benny Hill	Ernie (The Fastest Milkman in the West)	1971	Columbia	11 December 1971	4
308	The New Seekers	I'd Like to Teach the World to Sing (In Perfect Harmony)	1972	Polydor	8 January 1972	4
309	T. Rex	Telegram Sam	1972	T. Rex	5 February 1972	2
310	Chicory Tip	Son of My Father	1972	CBS	19 February 1972	3
311	Nilsson	Without You	1972	RCA	11 March 1972	5
312	Royal Scots Dragoon Guards	Amazing Grace	1972	RCA	15 April 1972	5
313	T. Rex	Metal Guru	1972	EMI	20 May 1972	4
314	Don McLean	Vincent	1972	United Artists	17 June 1972	2
315	Slade	Take Me Bak 'Ome	1972	Polydor	1 July 1972	1
316	Donny Osmond	Puppy Love	1972	MGM	8 July 1972	5
317	Alice Cooper	School's Out	1972	Warner Bros.	12 August 1972	3
318	Rod Stewart	You Wear It Well	1972	Mercury	2 September 1972	1
319	Slade	Mama Weer All Crazee Now	1972	Polydor	9 September 1972	3
320	David Cassidy	How Can I Be Sure	1972	Bell	30 September 1972	2
321	Lieutenant Pigeon	Mouldy Old Dough	1972	Decca	14 October 1972	4
322	Gilbert O'Sullivan	Clair	1972	MAM	11 November 1972	2
323	Chuck Berry	My Ding-a-Ling	1972	Chess	25 November 1972	4
324	Little Jimmy Osmond	Long Haired Lover from Liverpool	1972	MGM	23 December 1972	5
325	The Sweet	Blockbuster!	1973	RCA	27 January 1973	5
326	Slade	Cum On Feel the Noize	1973	Polydor	3 March 1973	4
327	Donny Osmond	The Twelfth of Never	1973	MGM	31 March 1973	1
328	Gilbert O'Sullivan	Get Down	1973	MAM	7 April 1973	2
329	Tony Orlando and Dawn	Tie a Yellow Ribbon Round the Ole Oak Tree	1973	Bell	21 April 1973	4
330	Wizzard	See My Baby Jive	1973	Harvest	19 May 1973	4
331	Suzi Quatro	Can the Can	1973	RAK	16 June 1973	1
332	10cc	Rubber Bullets	1973	UK	23 June 1973	1
333	Slade	Skweeze Me, Pleeze Me	1973	Polydor	30 June 1973	3
334	Peters and Lee	Welcome Home	1973	Philips	21 July 1973	1
335	Gary Glitter	I'm the Leader of the Gang (I Am)	1973	Bell	28 July 1973	4
336	Donny Osmond	Young Love	1973	MGM	25 August 1973	4
337	Wizzard	Angel Fingers	1973	Harvest	22 September 1973	1
338	Simon Park Orchestra	Eye Level	1973	Columbia	29 September 1973	4
339	David Cassidy	Daydreamer / The Puppy Song	1973	Bell	27 October 1973	3
340	Gary Glitter	I Love You Love Me Love	1973	Bell	17 November 1973	4
341	Slade	Merry Xmas Everybody	1973	Polydor	15 December 1973	5
342	The New Seekers	You Won't Find Another Fool Like Me	1974	Polydor	19 January 1974	1
343	Mud	Tiger Feet	1974	RAK	26 January 1974	4
344	Suzi Quatro	Devil Gate Drive	1974	RAK	23 February 1974	2
345	Alvin Stardust	Jealous Mind	1974	Magnet	9 March 1974	1
346	Paper Lace	Billy Don't Be a Hero	1974	Bus Stop	16 March 1974	3
347	Terry Jacks	Seasons in the Sun	1974	Bell	6 April 1974	4
348	ABBA	Waterloo	1974	Epic	4 May 1974	2
349	The Rubettes	Sugar Baby Love	1974	Polydor	18 May 1974	4
350	Ray Stevens	The Streak	1974	Janus	15 June 1974	1
351	Gary Glitter	Always Yours	1974	Bell	22 June 1974	1
352	Charles Aznavour	She	1974	Barclay	29 June 1974	4
353	George McCrae	Rock Your Baby	1974	Jay Boy	27 July 1974	3
354	The Three Degrees	When Will I See You Again	1974	Philadelphia International	17 August 1974	2
355	The Osmonds	Love Me for a Reason	1974	MGM	31 August 1974	3
356	Carl Douglas	Kung Fu Fighting	1974	Pye	21 September 1974	3
357	John Denver	Annie's Song	1974	RCA	12 October 1974	1
358	Sweet Sensation	Sad Sweet Dreamer	1974	Pye	19 October 1974	1
359	Ken Boothe	Everything I Own	1974	Trojan	26 October 1974	3
360	David Essex	Gonna Make You a Star	1974	CBS	16 November 1974	3
361	Barry White	You're the First, the Last, My Everything	1974	20th Century	7 December 1974	2
362	Mud	Lonely This Christmas	1974	RAK	21 December 1974	4
363	Status Quo	Down Down	1975	Vertigo	18 January 1975	1
364	The Tymes	Ms Grace	1975	RCA	25 January 1975	1
365	Pilot	January	1975	EMI	1 February 1975	3
366	Steve Harley & Cockney Rebel	Make Me Smile (Come Up and See Me)	1975	EMI	22 February 1975	2
367	Telly Savalas	If	1975	MCA	8 March 1975	2
368	Bay City Rollers	Bye Bye Baby	1975	Bell	22 March 1975	6
369	Mud	Oh Boy	1975	RAK	3 May 1975	2
370	Tammy Wynette	Stand by Your Man	1975	Epic	17 May 1975	3
371	Windsor Davies and Don Estelle	Whispering Grass	1975	EMI	7 June 1975	3
372	10cc	I'm Not in Love	1975	Mercury	28 June 1975	2
373	Johnny Nash	Tears on My Pillow	1975	CBS	12 July 1975	1
374	Bay City Rollers	Give a Little Love	1975	Bell	19 July 1975	3
375	Typically Tropical	Barbados	1975	Gull	9 August 1975	1
376	The Stylistics	Can't Give You Anything (But My Love)	1975	Avco	16 August 1975	3
377	Rod Stewart	Sailing	1975	Warner Bros.	6 September 1975	4
378	David Essex	Hold Me Close	1975	CBS	4 October 1975	3
379	Art Garfunkel	I Only Have Eyes for You	1975	CBS	25 October 1975	2
380	David Bowie	Space Oddity	1975	RCA	8 November 1975	2
381	Billy Connolly	D.I.V.O.R.C.E.	1975	Polydor	22 November 1975	1
382	Queen	Bohemian Rhapsody	1975	EMI	29 November 1975	9
383	ABBA	Mamma Mia	1976	Epic	31 January 1976	2
384	Slik	Forever and Ever	1976	Bell	14 February 1976	1
385	The Four Seasons	December, 1963 (Oh, What a Night)	1976	Warner Bros.	21 February 1976	2
386	Tina Charles	I Love to Love (But My Baby Loves to Dance)	1976	CBS	6 March 1976	3
387	Brotherhood of Man	Save Your Kisses for Me	1976	Pye	27 March 1976	6
388	ABBA	Fernando	1976	Epic	8 May 1976	4
389	J.J. Barrie	No Charge	1976	Power Exchange	5 June 1976	1
390	The Wurzels	Combine Harvester	1976	EMI	12 June 1976	2
391	The Real Thing	You to Me Are Everything	1976	Pye	26 June 1976	3
392	Demis Roussos	The Roussos Phenomenon (EP)	1976	Philips	17 July 1976	1
393	Elton John and Kiki Dee	Don't Go Breaking My Heart	1976	Rocket	24 July 1976	6
394	ABBA	Dancing Queen	1976	Epic	4 September 1976	6
395	Pussycat	Mississippi	1976	Sonet	16 October 1976	4
396	Chicago	If You Leave Me Now	1976	CBS	13 November 1976	3
397	Showaddywaddy	Under the Moon of Love	1976	Bell	4 December 1976	3
398	Johnny Mathis	When a Child Is Born (Soleado)	1976	CBS	25 December 1976	3
399	David Soul	Don't Give Up on Us	1977	Private Stock	15 January 1977	4
400	Julie Covington	Don't Cry for Me Argentina	1977	MCA	12 February 1977	1
401	Leo Sayer	When I Need You	1977	Chrysalis	19 February 1977	3
402	The Manhattan Transfer	Chanson D'Amour	1977	Atlantic	12 March 1977	3
403	ABBA	Knowing Me, Knowing You	1977	Epic	2 April 1977	5
404	Deniece Williams	Free	1977	CBS	7 May 1977	2
405	Rod Stewart	I Don't Want to Talk About It / The First Cut Is the Deepest 	1977	Riva	21 May 1977	4
406	Kenny Rogers	Lucille	1977	United Artists	18 June 1977	1
407	The Jacksons	Show You the Way to Go	1977	Epic	25 June 1977	1
408	Hot Chocolate	So You Win Again	1977	RAK	2 July 1977	3
409	Donna Summer	I Feel Love	1977	Casablanca	23 July 1977	4
410	Brotherhood of Man	Angelo	1977	Pye	20 August 1977	1
411	The Floaters	Float On	1977	ABC	27 August 1977	1
412	Elvis Presley	Way Down	1977	RCA	3 September 1977	5
413	David Soul	Silver Lady	1977	Private Stock	8 October 1977	3
414	Baccara	Yes Sir, I Can Boogie	1977	RCA	29 October 1977	1
415	ABBA	The Name of the Game	1977	Epic	5 November 1977	4
416	Wings	Mull of Kintyre / Girls' School	1977	Parlophone	3 December 1977	9
417	Althea & Donna	Uptown Top Ranking	1978	Lightning	4 February 1978	1
418	Brotherhood of Man	Figaro	1978	Pye	11 February 1978	1
419	ABBA	Take a Chance on Me	1978	Epic	18 February 1978	3
420	Kate Bush	Wuthering Heights	1978	EMI	11 March 1978	4
421	Brian and Michael	Matchstalk Men & Matchstalk Cats & Dogs	1978	Pye	8 April 1978	3
422	Bee Gees	Night Fever	1978	RSO	29 April 1978	2
423	Boney M.	Rivers of Babylon / Brown Girl in the Ring	1978	Atlantic/Hansa	13 May 1978	5
424	John Travolta and Olivia Newton-John	You're the One That I Want	1978	RSO	17 June 1978	9
425	Commodores	Three Times a Lady	1978	Motown	19 August 1978	5
426	10cc	Dreadlock Holiday	1978	Mercury	23 September 1978	1
427	John Travolta and Olivia Newton-John	Summer Nights	1978	RSO	30 September 1978	7
428	The Boomtown Rats	Rat Trap	1978	Ensign	18 November 1978	2
429	Rod Stewart	Da Ya Think I'm Sexy?	1978	Riva	2 December 1978	1
430	Boney M.	Mary's Boy Child – Oh My Lord	1978	Atlantic/Hansa	9 December 1978	4
431	Village People	Y.M.C.A.	1979	Mercury	6 January 1979	3
432	Ian Dury and the Blockheads	Hit Me with Your Rhythm Stick	1979	Stiff	27 January 1979	1
433	Blondie	Heart of Glass	1979	Chrysalis	3 February 1979	4
434	Bee Gees	Tragedy	1979	RSO	3 March 1979	2
435	Gloria Gaynor	I Will Survive	1979	Polydor	17 March 1979	4
436	Art Garfunkel	Bright Eyes	1979	CBS	14 April 1979	6
437	Blondie	Sunday Girl	1979	Chrysalis	26 May 1979	3
438	Anita Ward	Ring My Bell	1979	TK	16 June 1979	2
439	Tubeway Army	Are 'Friends' Electric?	1979	Beggars Banquet	30 June 1979	4
440	The Boomtown Rats	I Don't Like Mondays	1979	Ensign	28 July 1979	4
441	Cliff Richard	We Don't Talk Anymore	1979	EMI	25 August 1979	4
442	Gary Numan	Cars	1979	Beggars Banquet	22 September 1979	1
443	The Police	Message in a Bottle	1979	A&M	29 September 1979	3
444	The Buggles	Video Killed the Radio Star	1979	Island	20 October 1979	1
445	Lena Martell	One Day at a Time	1979	Pye	27 October 1979	3
446	Dr. Hook	When You're in Love with a Beautiful Woman	1979	Capitol	17 November 1979	3
447	The Police	Walking on the Moon	1979	A&M	8 December 1979	1
448	Pink Floyd	Another Brick in the Wall (Part II)	1979	Harvest	15 December 1979	5
449	Pretenders	Brass in Pocket	1980	Real	19 January 1980	2
450	The Special A.K.A.	Too Much Too Young - The Special A.K.A. Live! (EP) 	1980	2 Tone	2 February 1980	2
451	Kenny Rogers	Coward of the County	1980	United Artists	16 February 1980	2
452	Blondie	Atomic	1980	Chrysalis	1 March 1980	2
453	Fern Kinney	Together We Are Beautiful	1980	WEA	15 March 1980	1
454	The Jam	Going Underground / Dreams of Children	1980	Polydor	22 March 1980	3
455	The Detroit Spinners	Working My Way Back to You – Forgive Me Girl	1980	Atlantic	12 April 1980	2
456	Blondie	Call Me	1980	Chrysalis	26 April 1980	1
457	Dexys Midnight Runners	Geno	1980	Late Night Feelings	3 May 1980	2
458	Johnny Logan	What's Another Year	1980	Epic	17 May 1980	2
459	The Mash	Theme from M*A*S*H (Suicide is Painless)	1980	CBS	31 May 1980	3
460	Don McLean	Crying	1980	EMI	21 June 1980	3
461	Olivia Newton-John and Electric Light Orchestra	Xanadu	1980	Jet	12 July 1980	2
462	Odyssey	Use It Up and Wear It Out	1980	RCA	26 July 1980	2
463	ABBA	The Winner Takes It All	1980	Epic	9 August 1980	2
464	David Bowie	Ashes to Ashes	1980	RCA	23 August 1980	2
465	The Jam	Start!	1980	Polydor	6 September 1980	1
466	Kelly Marie	Feels Like I'm in Love	1980	Calibre Plus	13 September 1980	2
467	The Police	Don't Stand So Close to Me	1980	A&M	27 September 1980	4
468	Barbra Streisand	Woman in Love	1980	CBS	25 October 1980	3
469	Blondie	The Tide Is High	1980	Chrysalis	15 November 1980	2
470	ABBA	Super Trouper	1980	Epic	29 November 1980	3
471	John Lennon	(Just Like) Starting Over	1980	Geffen	20 December 1980	1
472	St Winifred's School Choir	There's No One Quite Like Grandma	1980	MFP	27 December 1980	2
473	John Lennon	Imagine	1981	Apple	10 January 1981	4
474	John Lennon	Woman	1981	Geffen	7 February 1981	2
475	Joe Dolce Music Theatre	Shaddap You Face	1981	Epic	21 February 1981	3
476	Roxy Music	Jealous Guy	1981	E.G.	14 March 1981	2
477	Shakin' Stevens	This Ole House	1981	Epic	28 March 1981	3
478	Bucks Fizz	Making Your Mind Up	1981	RCA	18 April 1981	3
479	Adam and the Ants	Stand and Deliver	1981	CBS	9 May 1981	5
480	Smokey Robinson	Being with You	1981	Motown	13 June 1981	2
481	Michael Jackson	One Day In Your Life	1981	Motown	27 June 1981	2
482	The Specials	Ghost Town	1981	2 Tone	11 July 1981	3
483	Shakin' Stevens	Green Door	1981	Epic	1 August 1981	4
484	Aneka	Japanese Boy	1981	Hansa	29 August 1981	1
485	Soft Cell	Tainted Love	1981	Some Bizzare	5 September 1981	2
486	Adam and the Ants	Prince Charming	1981	CBS	19 September 1981	4
487	Dave Stewart with Barbara Gaskin	It's My Party	1981	Stiff	17 October 1981	4
488	The Police	Every Little Thing She Does Is Magic	1981	A&M	14 November 1981	1
489	Queen and David Bowie	Under Pressure	1981	EMI	21 November 1981	2
490	Julio Iglesias	Begin the Beguine (Volver a Empezar)	1981	CBS	5 December 1981	1
491	The Human League	Don't You Want Me	1981	Virgin	12 December 1981	5
492	Bucks Fizz	The Land of Make Believe	1982	RCA	16 January 1982	2
493	Shakin' Stevens	Oh Julie	1982	Epic	30 January 1982	1
494	Kraftwerk	The Model / Computer Love	1982	EMI	6 February 1982	1
495	The Jam	Town Called Malice / Precious	1982	Polydor	13 February 1982	3
496	Tight Fit	The Lion Sleeps Tonight	1982	Jive	6 March 1982	3
497	Goombay Dance Band	Seven Tears	1982	Epic	27 March 1982	3
498	Bucks Fizz	My Camera Never Lies	1982	RCA	17 April 1982	1
499	Paul McCartney and Stevie Wonder	Ebony and Ivory	1982	Parlophone	24 April 1982	3
500	Nicole	A Little Peace	1982	CBS	15 May 1982	2
501	Madness	House of Fun	1982	Stiff	29 May 1982	2
502	Adam Ant	Goody Two Shoes	1982	CBS	12 June 1982	2
503	Charlene	I've Never Been to Me	1982	Motown	26 June 1982	1
504	Captain Sensible	Happy Talk	1982	A&M	3 July 1982	2
505	Irene Cara	Fame	1982	RSO	17 July 1982	3
506	Dexys Midnight Runners	Come On Eileen	1982	Mercury	7 August 1982	4
507	Survivor	Eye of the Tiger	1982	Scotti Bros.	4 September 1982	4
508	Musical Youth	Pass the Dutchie	1982	MCA	2 October 1982	3
509	Culture Club	Do You Really Want to Hurt Me	1982	Virgin	23 October 1982	3
510	Eddy Grant	I Don't Wanna Dance	1982	Ice	13 November 1982	3
511	The Jam	Beat Surrender	1982	Polydor	4 December 1982	2
512	Renée and Renato	Save Your Love	1982	Hollywood	18 December 1982	4
513	Phil Collins	You Can't Hurry Love	1983	Virgin	15 January 1983	2
514	Men at Work	Down Under	1983	Epic	29 January 1983	3
515	Kajagoogoo	Too Shy	1983	EMI	19 February 1983	2
516	Michael Jackson	Billie Jean	1983	Epic	5 March 1983	1
517	Bonnie Tyler	Total Eclipse of the Heart	1983	CBS	12 March 1983	2
518	Duran Duran	Is There Something I Should Know?	1983	EMI	26 March 1983	2
519	David Bowie	Let's Dance	1983	EMI America	9 April 1983	3
520	Spandau Ballet	TRUE	1983	Chrysalis	30 April 1983	4
521	New Edition	Candy Girl	1983	London	28 May 1983	1
522	The Police	Every Breath You Take	1983	A&M	4 June 1983	4
523	Rod Stewart	Baby Jane	1983	Warner Bros.	2 July 1983	3
524	Paul Young	Wherever I Lay My Hat (That's My Home)	1983	CBS	23 July 1983	3
525	KC and the Sunshine Band	Give It Up	1983	Epic	13 August 1983	3
526	UB40	Red Red Wine	1983	DEP International	3 September 1983	3
527	Culture Club	Karma Chameleon	1983	Virgin	24 September 1983	6
528	Billy Joel	Uptown Girl	1983	CBS	5 November 1983	5
529	The Flying Pickets	Only You	1983	10	10 December 1983	5
530	Paul McCartney	Pipes of Peace	1984	Parlophone	14 January 1984	2
531	Frankie Goes to Hollywood	Relax	1984	ZTT	28 January 1984	5
532	Nena	99 Red Balloons	1984	Epic	3 March 1984	3
533	Lionel Richie	Hello	1984	Motown	24 March 1984	6
534	Duran Duran	The Reflex	1984	EMI	5 May 1984	4
535	Wham!	Wake Me Up Before You Go-Go	1984	Epic	2 June 1984	2
536	Frankie Goes to Hollywood	Two Tribes	1984	ZTT	16 June 1984	9
537	George Michael	Careless Whisper	1984	Epic	18 August 1984	3
538	Stevie Wonder	I Just Called to Say I Love You	1984	Motown	8 September 1984	6
539	Wham!	Freedom	1984	Epic	20 October 1984	3
540	Chaka Khan	I Feel for You	1984	Warner Bros.	10 November 1984	3
541	Jim Diamond	I Should Have Known Better	1984	A&M	1 December 1984	1
542	Frankie Goes to Hollywood	The Power of Love	1984	ZTT	8 December 1984	1
543	Band Aid	Do They Know It's Christmas?	1984	Mercury	15 December 1984	5
544	Foreigner	I Want to Know What Love Is	1985	Atlantic	19 January 1985	3
545	Elaine Paige and Barbara Dickson	I Know Him So Well	1985	RCA	9 February 1985	4
546	Dead or Alive	You Spin Me Round (Like a Record)	1985	Epic	9 March 1985	2
547	Philip Bailey and Phil Collins	Easy Lover	1985	CBS	23 March 1985	4
548	USA for Africa	We Are the World	1985	CBS	20 April 1985	2
549	Phyllis Nelson	Move Closer	1985	Carrere	4 May 1985	1
550	Paul Hardcastle	19	1985	Chrysalis	11 May 1985	5
551	The Crowd	You'll Never Walk Alone	1985	Spartan	15 June 1985	2
552	Sister Sledge	Frankie	1985	Atlantic	29 June 1985	4
553	Eurythmics	There Must Be an Angel (Playing with My Heart)	1985	RCA	27 July 1985	1
554	Madonna	Into the Groove	1985	Sire	3 August 1985	4
555	UB40 and Chrissie Hynde	I Got You Babe	1985	DEP International	31 August 1985	1
556	David Bowie and Mick Jagger	Dancing in the Street	1985	EMI America	7 September 1985	4
557	Midge Ure	If I Was	1985	Chrysalis	5 October 1985	1
558	Jennifer Rush	The Power of Love	1985	CBS	12 October 1985	5
559	Feargal Sharkey	A Good Heart	1985	Virgin	16 November 1985	2
560	Wham!	I'm Your Man	1985	Epic	30 November 1985	2
561	Whitney Houston	Saving All My Love for You	1985	Arista	14 December 1985	2
562	Shakin' Stevens	Merry Christmas Everyone	1985	Epic	28 December 1985	2
563	Pet Shop Boys	West End Girls	1986	Parlophone	11 January 1986	2
564	A-ha	The Sun Always Shines on T.V.	1986	Warner Bros.	25 January 1986	2
565	Billy Ocean	When the Going Gets Tough, the Tough Get Going	1986	Jive	8 February 1986	4
566	Diana Ross	Chain Reaction	1986	Capitol	8 March 1986	3
567	Cliff Richard and the Young Ones featuring Hank Marvin	Living Doll	1986	WEA	29 March 1986	3
568	George Michael	A Different Corner	1986	Epic	19 April 1986	3
569	Falco	Rock Me Amadeus	1986	A&M	10 May 1986	1
570	Spitting Image	The Chicken Song	1986	Virgin	17 May 1986	3
571	Doctor and the Medics	Spirit in the Sky	1986	IRS	7 June 1986	3
572	Wham!	The Edge of Heaven	1986	Epic	28 June 1986	2
573	Madonna	Papa Don't Preach	1986	Sire	12 July 1986	3
574	Chris de Burgh	The Lady in Red	1986	A&M	2 August 1986	3
575	Boris Gardiner	I Want to Wake Up with You	1986	Revue	23 August 1986	3
576	The Communards with Sarah Jane Morris	Don't Leave Me This Way	1986	London	13 September 1986	4
577	Madonna	True Blue	1986	Sire	11 October 1986	1
578	Nick Berry	Every Loser Wins	1986	BBC	18 October 1986	3
579	Berlin	Take My Breath Away	1986	CBS	8 November 1986	4
580	Europe	The Final Countdown	1986	Epic	6 December 1986	2
581	The Housemartins	Caravan of Love	1986	Go! Discs	20 December 1986	1
582	Jackie Wilson	Reet Petite	1986	SMP	27 December 1986	4
583	Steve Silk Hurley	Jack Your Body 	1987	DJ International	24 January 1987	2
584	Aretha Franklin and George Michael	I Knew You Were Waiting (For Me)	1987	Epic	7 February 1987	2
585	Ben E. King	Stand by Me	1987	Atlantic	21 February 1987	3
586	Boy George	Everything I Own	1987	Virgin	14 March 1987	2
587	Mel and Kim	Respectable	1987	Supreme	28 March 1987	1
588	Ferry Aid	Let It Be	1987	CBS	4 April 1987	3
589	Madonna	La Isla Bonita	1987	Sire	25 April 1987	2
590	Starship	Nothing's Gonna Stop Us Now	1987	Arista	9 May 1987	4
591	Whitney Houston	I Wanna Dance with Somebody (Who Loves Me)	1987	Arista	6 June 1987	2
592	The Firm	Star Trekkin'	1987	Bark	20 June 1987	2
593	Pet Shop Boys	It's a Sin	1987	Parlophone	4 July 1987	3
594	Madonna	Who's That Girl	1987	Sire	25 July 1987	1
595	Los Lobos	La Bamba	1987	Slash	1 August 1987	2
596	Michael Jackson and Siedah Garrett	I Just Can't Stop Loving You	1987	Epic	15 August 1987	2
597	Rick Astley	Never Gonna Give You Up	1987	RCA	29 August 1987	5
598	MARRS	Pump Up the Volume	1987	4AD	3 October 1987	2
599	Bee Gees	You Win Again	1987	Warner Bros.	17 October 1987	4
600	T'Pau	China in Your Hand	1987	Siren	14 November 1987	5
601	Pet Shop Boys	Always on My Mind	1987	Parlophone	19 December 1987	4
602	Belinda Carlisle	Heaven Is a Place on Earth	1988	Virgin	16 January 1988	2
603	Tiffany	I Think We're Alone Now	1988	MCA	30 January 1988	3
604	Kylie Minogue	I Should Be So Lucky	1988	PWL	20 February 1988	5
605	Aswad	Don't Turn Around	1988	CBS	26 March 1988	2
606	Pet Shop Boys	Heart	1988	Parlophone	9 April 1988	3
607	S'Express	Theme from S'Express	1988	Rhythm King	30 April 1988	2
608	Fairground Attraction	Perfect	1988	RCA	14 May 1988	1
609	Wet Wet Wet / Billy Bragg and Cara Tivey	With a Little Help from My Friends / She's Leaving Home	1988	Childline	21 May 1988	4
610	The Timelords	Doctorin' the Tardis	1988	KLF Communications	18 June 1988	1
611	Bros	I Owe You Nothing	1988	CBS	25 June 1988	2
612	Glenn Medeiros	Nothing's Gonna Change My Love for You	1988	London	9 July 1988	4
613	Yazz and the Plastic Population	The Only Way Is Up	1988	Big Life	6 August 1988	5
614	Phil Collins	A Groovy Kind of Love	1988	Virgin	10 September 1988	2
615	The Hollies	He Ain't Heavy, He's My Brother	1988	EMI	24 September 1988	2
616	U2	Desire	1988	Island	8 October 1988	1
617	Whitney Houston	One Moment in Time	1988	Arista	15 October 1988	2
618	Enya	Orinoco Flow	1988	WEA	29 October 1988	3
619	Robin Beck	First Time	1988	Mercury	19 November 1988	3
620	Cliff Richard	Mistletoe and Wine	1988	EMI	10 December 1988	4
621	Kylie Minogue and Jason Donovan	Especially for You	1989	PWL	7 January 1989	3
622	Marc Almond featuring Gene Pitney	Something's Gotten Hold of My Heart	1989	EMI	28 January 1989	4
623	Simple Minds	Belfast Child	1989	Virgin	25 February 1989	2
624	Jason Donovan	Too Many Broken Hearts	1989	PWL	11 March 1989	2
625	Madonna	Like a Prayer	1989	Sire	25 March 1989	3
626	The Bangles	Eternal Flame	1989	CBS	15 April 1989	4
627	Kylie Minogue	Hand on Your Heart	1989	PWL	13 May 1989	1
628	The Christians, Holly Johnson, Paul McCartney, Gerry Marsden and Stock Aitken Waterman	Ferry 'Cross the Mersey	1989	PWL	20 May 1989	3
629	Jason Donovan	Sealed with a Kiss	1989	PWL	10 June 1989	2
630	Soul II Soul	Back to Life (However Do You Want Me)	1989	Virgin	24 June 1989	4
631	Sonia	You'll Never Stop Me Loving You	1989	Chrysalis	22 July 1989	2
632	Jive Bunny and the Mastermixers	Swing the Mood	1989	Music Factory Dance	5 August 1989	5
633	Black Box	Ride on Time	1989	Deconstruction	9 September 1989	6
634	Jive Bunny and the Mastermixers	That's What I Like	1989	Music Factory Dance	21 October 1989	3
635	Lisa Stansfield	All Around the World	1989	Arista	11 November 1989	2
636	New Kids on the Block	You Got It (The Right Stuff)	1989	CBS	25 November 1989	3
637	Jive Bunny and the Mastermixers	Let's Party	1989	Music Factory Dance	16 December 1989	1
638	Band Aid II	Do They Know It's Christmas?	1989	PWL	23 December 1989	3
639	New Kids on the Block	Hangin' Tough	1990	CBS	13 January 1990	2
640	Kylie Minogue	Tears on My Pillow	1990	PWL	27 January 1990	1
641	Sinéad O'Connor	Nothing Compares 2 U	1990	Ensign	3 February 1990	4
642	Beats International	Dub Be Good to Me	1990	Go! Beat	3 March 1990	4
643	Snap!	The Power	1990	Arista	31 March 1990	2
644	Madonna	Vogue	1990	Sire	14 April 1990	4
645	Adamski	Killer	1990	MCA	12 May 1990	4
646	Englandneworder	World in Motion	1990	Factory	9 June 1990	2
647	Elton John	Sacrifice / Healing Hands	1990	Rocket	23 June 1990	5
648	Partners in Kryme	Turtle Power	1990	SBK	28 July 1990	4
649	Bombalurina	Itsy Bitsy Teenie Weenie Yellow Polka Dot Bikini	1990	Carpet	25 August 1990	3
650	Steve Miller Band	The Joker 	1990	Capitol	15 September 1990	2
651	Maria McKee	Show Me Heaven	1990	Epic	29 September 1990	4
652	The Beautiful South	A Little Time	1990	Go! Discs	27 October 1990	1
653	The Righteous Brothers	Unchained Melody	1990	Verve/Polydor	3 November 1990	4
654	Vanilla Ice	Ice Ice Baby	1990	SBK	1 December 1990	4
655	Cliff Richard	Saviour's Day	1990	EMI	29 December 1990	1
656	Iron Maiden	Bring Your Daughter... to the Slaughter	1991	EMI	5 January 1991	2
657	Enigma	Sadeness (Part I)	1991	Virgin International	19 January 1991	1
658	Queen	Innuendo	1991	Parlophone	26 January 1991	1
659	The KLF	3 a.m. Eternal	1991	KLF Communications	2 February 1991	2
660	The Simpsons	Do the Bartman	1991	Geffen	16 February 1991	3
661	The Clash	Should I Stay or Should I Go	1991	Columbia	9 March 1991	2
662	Hale and Pace and the Stonkers	The Stonk	1991	London	23 March 1991	1
663	Chesney Hawkes	The One and Only	1991	Chrysalis	30 March 1991	5
664	Cher	The Shoop Shoop Song (It's in His Kiss)	1991	Epic	4 May 1991	5
665	Color Me Badd	I Wanna Sex You Up	1991	Giant	8 June 1991	3
666	Jason Donovan	Any Dream Will Do	1991	Really Useful	29 June 1991	2
667	Bryan Adams	(Everything I Do) I Do It for You	1991	A&M	13 July 1991	16
668	U2	The Fly	1991	Island	2 November 1991	1
669	Vic Reeves and The Wonder Stuff	Dizzy	1991	Sense	9 November 1991	2
670	Michael Jackson	Black or White	1991	Epic	23 November 1991	2
671	George Michael and Elton John	Don't Let the Sun Go Down on Me	1991	Epic	7 December 1991	2
672	Queen	Bohemian Rhapsody / These Are the Days of Our Lives	1991	Parlophone	21 December 1991	5
673	Wet Wet Wet	Goodnight Girl	1992	The Precious Organisation	25 January 1992	4
674	Shakespears Sister	Stay	1992	London	22 February 1992	8
675	Right Said Fred	Deeply Dippy	1992	Tug	18 April 1992	3
676	KWS	Please Don't Go	1992	Network	9 May 1992	5
677	Erasure	Abba-esque (EP)	1992	Mute	13 June 1992	5
678	Jimmy Nail	Ain't No Doubt	1992	East West	18 July 1992	3
679	Snap!	Rhythm Is a Dancer	1992	Arista	8 August 1992	6
680	The Shamen	Ebeneezer Goode	1992	One Little Indian	19 September 1992	4
681	Tasmin Archer	Sleeping Satellite	1992	EMI	17 October 1992	2
682	Boyz II Men	End of the Road	1992	Motown	31 October 1992	3
683	Charles & Eddie	Would I Lie to You?	1992	Capitol	21 November 1992	2
684	Whitney Houston	I Will Always Love You	1992	Arista	5 December 1992	10
685	2 Unlimited	No Limit	1993	PWL Continental	13 February 1993	5
686	Shaggy	Oh Carolina	1993	Greensleeves	20 March 1993	2
687	The Bluebells	Young at Heart	1993	London	3 April 1993	4
688	George Michael and Queen with Lisa Stansfield	Five Live (EP)	1993	Parlophone	1 May 1993	3
689	Ace of Base	All That She Wants	1993	London	22 May 1993	3
690	UB40	(I Can't Help) Falling in Love With You	1993	DEP International	12 June 1993	2
691	Gabrielle	Dreams	1993	Go! Beat	26 June 1993	3
692	Take That	Pray	1993	RCA	17 July 1993	4
693	Freddie Mercury	Living on My Own	1993	Parlophone	14 August 1993	2
694	Culture Beat	Mr. Vain	1993	Epic	28 August 1993	4
695	DJ Jazzy Jeff & the Fresh Prince	Boom! Shake the Room	1993	Jive	25 September 1993	2
696	Take That featuring Lulu	Relight My Fire	1993	RCA	9 October 1993	2
697	Meat Loaf	I'd Do Anything for Love (But I Won't Do That)	1993	Virgin	23 October 1993	7
698	Mr Blobby	Mr Blobby	1993	Destiny Music	11 December 1993	1
699	Take That	Babe	1993	RCA	18 December 1993	1
700	Chaka Demus & Pliers featuring Jack Radics and Taxi Gang	Twist and Shout	1994	Mango	8 January 1994	2
701	D:Ream	Things Can Only Get Better	1994	Magnet	22 January 1994	4
702	Mariah Carey	Without You	1994	Columbia	19 February 1994	4
703	Doop	Doop	1994	Citybeat	19 March 1994	3
704	Take That	Everything Changes	1994	RCA	9 April 1994	2
705	Prince	The Most Beautiful Girl in the World	1994	NPG	23 April 1994	2
706	Tony Di Bart	The Real Thing	1994	Cleveland City Blues	7 May 1994	1
707	Stiltskin	Inside	1994	White Water	14 May 1994	1
708	Manchester United F.C.	Come On You Reds	1994	Polydor	21 May 1994	2
709	Wet Wet Wet	Love Is All Around	1994	The Precious Organisation	4 June 1994	15
710	Whigfield	Saturday Night	1994	Systematic	17 September 1994	4
711	Take That	Sure	1994	RCA	15 October 1994	2
712	Pato Banton featuring Ali and Robin Campbell	Baby Come Back	1994	Virgin	29 October 1994	4
713	Baby D	Let Me Be Your Fantasy	1994	Systematic	26 November 1994	2
714	East 17	Stay Another Day	1994	London	10 December 1994	5
715	Rednex	Cotton Eye Joe	1995	Internal Affairs	14 January 1995	3
716	Celine Dion	Think Twice	1995	Epic	4 February 1995	7
717	Cher, Chrissie Hynde and Neneh Cherry with Eric Clapton	Love Can Build a Bridge	1995	London	25 March 1995	1
718	The Outhere Brothers	Don't Stop (Wiggle Wiggle)	1995	Eternal	1 April 1995	1
719	Take That	Back for Good	1995	RCA	8 April 1995	4
720	Oasis	Some Might Say	1995	Creation	6 May 1995	1
721	Livin' Joy	Dreamer	1995	Undiscovered	13 May 1995	1
722	Robson & Jerome	Unchained Melody / White Cliffs of Dover	1995	RCA	20 May 1995	7
723	The Outhere Brothers	Boom Boom Boom	1995	Eternal	8 July 1995	4
724	Take That	Never Forget	1995	RCA	5 August 1995	3
725	Blur	Country House	1995	Food	26 August 1995	2
726	Michael Jackson	You Are Not Alone	1995	Epic	9 September 1995	2
727	Shaggy	Boombastic	1995	Virgin	23 September 1995	1
728	Simply Red	Fairground	1995	East West	30 September 1995	4
729	Coolio featuring L.V.	Gangsta's Paradise	1995	Tommy Boy	28 October 1995	2
730	Robson & Jerome	I Believe / Up on the Roof	1995	RCA	11 November 1995	4
731	Michael Jackson	Earth Song	1995	Epic	9 December 1995	6
732	George Michael	Jesus to a Child	1996	Virgin	20 January 1996	1
733	Babylon Zoo	Spaceman	1996	EMI	27 January 1996	5
734	Oasis	Don't Look Back in Anger	1996	Creation	2 March 1996	1
735	Take That	How Deep Is Your Love	1996	RCA	9 March 1996	3
736	The Prodigy	Firestarter	1996	XL	30 March 1996	3
737	Mark Morrison	Return of the Mack	1996	WEA	20 April 1996	2
738	George Michael	Fastlove	1996	Virgin	4 May 1996	3
739	Gina G	Ooh Aah... Just a Little Bit	1996	Eternal	25 May 1996	1
740	Baddiel, Skinner and The Lightning Seeds	Three Lions	1996	Epic	1 June 1996	1
741	Fugees	Killing Me Softly	1996	Columbia	8 June 1996	4
742	Gary Barlow	Forever Love	1996	RCA	20 July 1996	1
743	Spice Girls	Wannabe	1996	Virgin	27 July 1996	7
744	Peter Andre	Flava	1996	Mushroom	14 September 1996	1
745	Fugees	Ready or Not	1996	Columbia	21 September 1996	2
746	Deep Blue Something	Breakfast at Tiffany's	1996	Interscope	5 October 1996	1
747	The Chemical Brothers	Setting Sun	1996	Virgin	12 October 1996	1
748	Boyzone	Words	1996	Polydor	19 October 1996	1
749	Spice Girls	Say You'll Be There	1996	Virgin	26 October 1996	2
750	Robson & Jerome	What Becomes of the Brokenhearted / Saturday Night at the Movies / You'll Never Walk Alone	1996	RCA	9 November 1996	2
751	The Prodigy	Breathe	1996	XL	23 November 1996	2
752	Peter Andre	I Feel You	1996	Mushroom	7 December 1996	1
753	Boyzone	A Different Beat	1996	Polydor	14 December 1996	1
754	Dunblane	Knockin' on Heaven's Door	1996	RCA	21 December 1996	1
755	Spice Girls	2 Become 1	1996	Virgin	28 December 1996	3
756	Tori Amos	Professional Widow (It's Got to Be Big)	1997	East West	18 January 1997	1
757	White Town	Your Woman	1997	Chrysalis	25 January 1997	1
758	Blur	Beetlebum	1997	Food	1 February 1997	1
759	LL Cool J	Ain't Nobody	1997	Geffen	8 February 1997	1
760	U2	Discotheque	1997	Island	15 February 1997	1
761	No Doubt	Don't Speak	1997	Interscope	22 February 1997	3
762	Spice Girls	Mama / Who Do You Think You Are	1997	Virgin	15 March 1997	3
763	The Chemical Brothers	Block Rockin' Beats	1997	Virgin	5 April 1997	1
764	R. Kelly	I Believe I Can Fly	1997	Jive	12 April 1997	3
765	Michael Jackson	Blood on the Dance Floor	1997	Epic	3 May 1997	1
766	Gary Barlow	Love Won't Wait	1997	RCA	10 May 1997	1
767	Olive	You're Not Alone	1997	RCA	17 May 1997	2
768	Eternal featuring BeBe Winans	I Wanna Be the Only One	1997	EMI	31 May 1997	1
769	Hanson	MMMBop	1997	Mercury	7 June 1997	3
770	Puff Daddy and Faith Evans featuring 112	I'll Be Missing You	1997	Puff Daddy	28 June 1997	3
771	Oasis	D'You Know What I Mean?	1997	Creation	19 July 1997	1
772	Will Smith	Men in Black	1997	Columbia	16 August 1997	4
773	The Verve	The Drugs Don't Work	1997	Hut	13 September 1997	1
774	Elton John	Candle in the Wind / Something About the Way You Look Tonight	1997	Rocket	20 September 1997	5
775	Spice Girls	Spice Up Your Life	1997	Virgin	25 October 1997	1
776	Aqua	Barbie Girl	1997	Universal	1 November 1997	4
777	Various artists	Perfect Day	1997	Chrysalis	29 November 1997	2
778	Teletubbies	Teletubbies say Eh-oh!	1997	BBC Worldwide	13 December 1997	2
779	Spice Girls	Too Much	1997	Virgin	27 December 1997	2
re	Various artists	Perfect Day	1998	Chrysalis	10 January 1998	1
780	All Saints	Never Ever	1998	London	17 January 1998	1
781	Oasis	All Around the World	1998	Creation	24 January 1998	1
782	Usher	You Make Me Wanna...	1998	LaFace	31 January 1998	1
783	Aqua	Doctor Jones	1998	Universal	7 February 1998	2
784	Celine Dion	My Heart Will Go On	1998	Epic	21 February 1998	1
785	Cornershop	Brimful of Asha	1998	Wiiija	28 February 1998	1
786	Madonna	Frozen	1998	Maverick	7 March 1998	1
787	Run-DMC vs. Jason Nevins	It's Like That	1998	Sm:)e Communications	21 March 1998	6
788	Boyzone	All That I Need	1998	Polydor	2 May 1998	1
789	All Saints	Under the Bridge / Lady Marmalade	1998	London	9 May 1998	1
790	Aqua	Turn Back Time	1998	Universal	16 May 1998	1
791	The Tamperer featuring Maya	Feel It	1998	Pepper	30 May 1998	1
792	B*Witched	C'est la Vie	1998	Epic	6 June 1998	2
793	Baddiel, Skinner and The Lightning Seeds	3 Lions '98	1998	Epic	20 June 1998	3
794	Billie	Because We Want To	1998	Innocent	11 July 1998	1
795	Another Level	Freak Me	1998	Northwestside	18 July 1998	1
796	Jamiroquai	Deeper Underground	1998	Sony S2	25 July 1998	1
797	Spice Girls	Viva Forever	1998	Virgin	1 August 1998	2
798	Boyzone	No Matter What	1998	Polydor	15 August 1998	3
799	Manic Street Preachers	If You Tolerate This Your Children Will Be Next	1998	Epic	5 September 1998	1
800	All Saints	Bootie Call	1998	London	12 September 1998	1
801	Robbie Williams	Millennium	1998	Chrysalis	19 September 1998	1
802	Melanie B featuring Missy Elliott	I Want You Back	1998	Virgin	26 September 1998	1
803	B*Witched	Rollercoaster	1998	Epic	3 October 1998	2
804	Billie	Girlfriend	1998	Innocent	17 October 1998	1
805	Spacedust	Gym and Tonic	1998	East West	24 October 1998	1
806	Cher	Believe	1998	WEA	31 October 1998	7
807	B*Witched	To You I Belong	1998	Epic	19 December 1998	1
808	Spice Girls	Goodbye	1998	Virgin	26 December 1998	1
809	Chef	Chocolate Salty Balls (P.S. I Love You)	1999	Columbia	2 January 1999	1
810	Steps	Heartbeat / Tragedy	1999	Jive	9 January 1999	1
811	Fatboy Slim	Praise You	1999	Skint	16 January 1999	1
812	911	A Little Bit More	1999	Virgin	23 January 1999	1
813	The Offspring	Pretty Fly (for a White Guy)	1999	Columbia	30 January 1999	1
814	Armand van Helden featuring Duane Harden	You Don't Know Me	1999	ffrr	6 February 1999	1
815	Blondie	Maria	1999	Beyond Music	13 February 1999	1
816	Lenny Kravitz	Fly Away	1999	Virgin	20 February 1999	1
817	Britney Spears	...Baby One More Time	1999	Jive	27 February 1999	2
818	Boyzone	When the Going Gets Tough	1999	Polydor	13 March 1999	2
819	B*Witched	Blame It on the Weatherman	1999	Epic	27 March 1999	1
820	Mr. Oizo	Flat Beat	1999	F Communications	3 April 1999	2
821	Martine McCutcheon	Perfect Moment	1999	Innocent	17 April 1999	2
822	Westlife	Swear It Again	1999	RCA	1 May 1999	2
823	Backstreet Boys	I Want It That Way	1999	Jive	15 May 1999	1
824	Boyzone	You Needed Me	1999	Polydor	22 May 1999	1
825	Shanks & Bigfoot	Sweet Like Chocolate	1999	Pepper	29 May 1999	2
826	Baz Luhrmann	Everybody's Free (To Wear Sunscreen)	1999	EMI	12 June 1999	1
827	S Club 7	Bring It All Back	1999	Polydor	19 June 1999	1
828	Vengaboys	Boom, Boom, Boom, Boom!!	1999	Positiva	26 June 1999	1
829	ATB	9 PM (Till I Come)	1999	Ministry of Sound	3 July 1999	2
830	Ricky Martin	Livin' la Vida Loca	1999	Columbia	17 July 1999	3
831	Ronan Keating	When You Say Nothing at All	1999	Polydor	7 August 1999	2
832	Westlife	If I Let You Go	1999	RCA	21 August 1999	1
833	Geri Halliwell	Mi Chico Latino	1999	EMI	28 August 1999	1
834	Lou Bega	Mambo No. 5 (A Little Bit Of...)	1999	RCA	4 September 1999	2
835	Vengaboys	We're Going to Ibiza!	1999	Positiva	18 September 1999	1
836	Eiffel 65	Blue (Da Ba Dee)	1999	Eternal	25 September 1999	3
837	Christina Aguilera	Genie in a Bottle	1999	RCA	16 October 1999	2
838	Westlife	Flying Without Wings	1999	RCA	30 October 1999	1
839	Five	Keep on Movin'	1999	RCA	6 November 1999	1
840	Geri Halliwell	Lift Me Up	1999	EMI	13 November 1999	1
841	Robbie Williams	She's the One / It's Only Us	1999	Chrysalis	20 November 1999	1
842	Wamdue Project	King of My Castle	1999	AM:PM	27 November 1999	1
843	Cliff Richard	The Millennium Prayer	1999	EMI	4 December 1999	3
844	Westlife	I Have a Dream / Seasons in the Sun	1999	RCA	25 December 1999	4
844	Westlife	I Have a Dream / Seasons in the Sun	1999	RCA	25 December 1999	4
845	Manic Street Preachers	The Masses Against the Classes	2000	Epic	22 January 2000	1
846	Britney Spears	Born to Make You Happy	2000	Jive	29 January 2000	1
847	Gabrielle	Rise	2000	Go! Beat	5 February 2000	2
848	Oasis	Go Let It Out	2000	Big Brother	19 February 2000	1
849	All Saints	Pure Shores	2000	London	26 February 2000	2
850	Madonna	American Pie	2000	Maverick	11 March 2000	1
851	Chicane featuring Bryan Adams	Don't Give Up	2000	Xtravaganza	18 March 2000	1
852	Geri Halliwell	Bag It Up	2000	EMI	25 March 2000	1
853	Melanie C featuring Lisa Left Eye Lopes	Never Be the Same Again	2000	Virgin	1 April 2000	1
854	Westlife	Fool Again	2000	RCA	8 April 2000	1
855	Craig David	Fill Me In	2000	Wildstar	15 April 2000	1
856	Fragma	Toca's Miracle	2000	Positiva	22 April 2000	2
857	Oxide & Neutrino	Bound 4 da Reload (Casualty)	2000	East West	6 May 2000	1
858	Britney Spears	Oops!... I Did It Again	2000	Jive	13 May 2000	1
859	Madison Avenue	Don't Call Me Baby	2000	VC Recordings	20 May 2000	1
860	Billie Piper	Day & Night	2000	Innocent	27 May 2000	1
861	Sonique	It Feels So Good	2000	Universal	3 June 2000	3
862	Black Legend	You See the Trouble with Me	2000	Eternal	24 June 2000	1
863	Kylie Minogue	Spinning Around	2000	Parlophone	1 July 2000	1
864	Eminem	The Real Slim Shady	2000	Interscope	8 July 2000	1
865	The Corrs	Breathless	2000	Atlantic	15 July 2000	1
866	Ronan Keating	Life Is a Rollercoaster	2000	Polydor	22 July 2000	1
867	Five and Queen	We Will Rock You	2000	RCA	29 July 2000	1
868	Craig David	7 Days	2000	Wildstar	5 August 2000	1
869	Robbie Williams	Rock DJ	2000	Chrysalis	12 August 2000	1
870	Melanie C	I Turn to You	2000	Virgin	19 August 2000	1
871	Spiller	Groovejet (If This Ain't Love)	2000	Positiva	26 August 2000	1
872	Madonna	Music	2000	Maverick	2 September 2000	1
873	A1	Take on Me	2000	Columbia	9 September 2000	1
874	Modjo	Lady (Hear Me Tonight)	2000	Polydor	16 September 2000	2
875	Mariah Carey featuring Westlife	Against All Odds	2000	Columbia	30 September 2000	2
876	All Saints	Black Coffee	2000	London	14 October 2000	1
877	U2	Beautiful Day	2000	Island	21 October 2000	1
878	Steps	Stomp	2000	Jive	28 October 2000	1
879	Spice Girls	Holler / Let Love Lead the Way	2000	Virgin	4 November 2000	1
880	Westlife	My Love	2000	RCA	11 November 2000	1
881	A1	Same Old Brand New You	2000	Columbia	18 November 2000	1
882	LeAnn Rimes	Can't Fight the Moonlight	2000	Curb/London	25 November 2000	1
883	Destiny's Child	Independent Women Part I	2000	Columbia	2 December 2000	1
884	S Club 7	Never Had a Dream Come True	2000	Polydor	9 December 2000	1
885	Eminem	Stan	2000	Interscope	16 December 2000	1
886	Bob the Builder	Can We Fix It?	2000	BBC Music	23 December 2000	3
887	Rui da Silva featuring Cassandra	Touch Me	2001	Arista	13 January 2001	1
888	Jennifer Lopez	Love Don't Cost a Thing	2001	Epic	20 January 2001	1
889	Limp Bizkit	Rollin'	2001	Interscope	27 January 2001	2
890	Atomic Kitten	Whole Again	2001	Innocent	10 February 2001	4
891	Shaggy featuring RikRok	It Wasn't Me	2001	MCA	10 March 2001	1
892	Westlife	Uptown Girl	2001	RCA	17 March 2001	1
893	Hear'Say	Pure and Simple	2001	Polydor	24 March 2001	3
894	Emma Bunton	What Took You So Long?	2001	Virgin	14 April 2001	2
895	Destiny's Child	Survivor	2001	Columbia	28 April 2001	1
896	S Club 7	Don't Stop Movin'	2001	Polydor	5 May 2001	1
897	Geri Halliwell	It's Raining Men	2001	EMI	12 May 2001	2
898	DJ Pied Piper and the Masters of Ceremonies	Do You Really Like It?	2001	Relentless/Ministry of Sound	2 June 2001	1
899	Shaggy featuring Rayvon	Angel	2001	MCA	9 June 2001	3
900	Christina Aguilera, Lil' Kim, Mýa and Pink	Lady Marmalade	2001	Interscope	30 June 2001	1
901	Hear'Say	The Way to Your Love	2001	Polydor	7 July 2001	1
902	Roger Sanchez	Another Chance	2001	Defected	14 July 2001	1
903	Robbie Williams	Eternity / The Road to Mandalay	2001	Chrysalis	21 July 2001	2
904	Atomic Kitten	Eternal Flame	2001	Innocent	4 August 2001	2
905	So Solid Crew	21 Seconds	2001	Relentless	18 August 2001	1
906	Five	Let's Dance	2001	RCA	25 August 2001	2
907	Blue	Too Close	2001	Innocent	8 September 2001	1
908	Bob the Builder	Mambo No. 5	2001	BBC Music	15 September 2001	1
909	DJ Ötzi	Hey Baby	2001	EMI	22 September 2001	1
910	Kylie Minogue	Can't Get You Out of My Head	2001	Parlophone	29 September 2001	4
911	Afroman	Because I Got High	2001	Universal	27 October 2001	3
912	Westlife	Queen of My Heart	2001	RCA	17 November 2001	1
913	Blue	If You Come Back	2001	Innocent	24 November 2001	1
914	S Club 7	Have You Ever	2001	Polydor	1 December 2001	1
915	Daniel Bedingfield	Gotta Get Thru This	2001	Relentless	8 December 2001	2
916	Robbie Williams and Nicole Kidman	Somethin' Stupid	2001	Chrysalis	22 December 2001	3
re	Daniel Bedingfield	Gotta Get Thru This	2002	Relentless	12 January 2002	1
917	Aaliyah	More Than a Woman	2002	Virgin	19 January 2002	1
918	George Harrison	My Sweet Lord (reissue)	2002	Parlophone	26 January 2002	1
919	Enrique Iglesias	Hero	2002	Interscope	2 February 2002	4
920	Westlife	World of Our Own	2002	S	2 March 2002	1
921	Will Young	Anything Is Possible / Evergreen	2002	S	9 March 2002	3
922	Gareth Gates	Unchained Melody	2002	S	30 March 2002	4
923	Oasis	The Hindu Times	2002	Big Brother	27 April 2002	1
924	Sugababes	Freak Like Me	2002	Island	4 May 2002	1
925	Holly Valance	Kiss Kiss	2002	London	11 May 2002	1
926	Ronan Keating	If Tomorrow Never Comes	2002	Polydor	18 May 2002	1
927	Liberty X	Just a Little	2002	V2	25 May 2002	1
928	Eminem	Without Me	2002	Interscope	1 June 2002	1
929	Will Young	Light My Fire	2002	S	8 June 2002	2
930	Elvis vs. JXL	A Little Less Conversation	2002	RCA	22 June 2002	4
931	Gareth Gates	Anyone of Us (Stupid Mistake)	2002	S	20 July 2002	3
932	Darius	Colourblind	2002	Mercury	10 August 2002	2
933	Sugababes	Round Round	2002	Island	24 August 2002	1
934	Blazin' Squad	Crossroads	2002	East West	31 August 2002	1
935	Atomic Kitten	The Tide Is High (Get the Feeling)	2002	Innocent	7 September 2002	3
936	Pink	Just like a Pill	2002	Arista	28 September 2002	1
937	Will Young and Gareth Gates	The Long and Winding Road / Suspicious Minds	2002	S	5 October 2002	2
938	Las Ketchup	The Ketchup Song	2002	Columbia	19 October 2002	1
939	Nelly featuring Kelly Rowland	Dilemma	2002	Universal	26 October 2002	2
940	DJ Sammy and Yanou featuring Do	Heaven	2002	Data/Ministry of Sound	9 November 2002	1
941	Westlife	Unbreakable	2002	S	16 November 2002	1
942	Christina Aguilera featuring Redman	Dirrty	2002	RCA	23 November 2002	2
943	Daniel Bedingfield	If You're Not the One	2002	Polydor	7 December 2002	1
944	Eminem	Lose Yourself	2002	Interscope	14 December 2002	1
945	Blue featuring Elton John	Sorry Seems to Be the Hardest Word	2002	Innocent	21 December 2002	1
946	Girls Aloud	Sound of the Underground	2002	Polydor	28 December 2002	4
947	David Sneddon	Stop Living the Lie	2003	Mercury	25 January 2003	2
948	t.A.T.u.	All the Things She Said	2003	Interscope	8 February 2003	4
949	Christina Aguilera	Beautiful	2003	RCA	8 March 2003	2
950	Gareth Gates featuring The Kumars	Spirit in the Sky	2003	S	22 March 2003	2
951	Room 5 featuring Oliver Cheatham	Make Luv	2003	Positiva	5 April 2003	4
952	Busted	You Said No	2003	Universal	3 May 2003	1
953	Tomcraft	Loneliness	2003	Data/Ministry of Sound	10 May 2003	1
954	R. Kelly	Ignition	2003	Jive	17 May 2003	4
955	Evanescence	Bring Me to Life	2003	Epic	14 June 2003	4
956	Beyoncé featuring Jay-Z	Crazy in Love	2003	Columbia	12 July 2003	3
957	Daniel Bedingfield	Never Gonna Leave Your Side	2003	Polydor	2 August 2003	1
958	Blu Cantrell featuring Sean Paul	Breathe	2003	Arista	9 August 2003	4
959	Elton John	Are You Ready for Love	2003	Southern Fried	6 September 2003	1
960	The Black Eyed Peas	Where Is the Love?	2003	A&M	13 September 2003	6
961	Sugababes	Hole in the Head	2003	Island	25 October 2003	1
962	Fatman Scoop featuring the Crooklyn Clan	Be Faithful	2003	Def Jam	1 November 2003	2
963	Kylie Minogue	Slow	2003	Parlophone	15 November 2003	1
964	Busted	Crashed the Wedding	2003	Universal	22 November 2003	1
965	Westlife	Mandy	2003	S	29 November 2003	1
966	Will Young	Leave Right Now	2003	S	6 December 2003	2
967	Ozzy and Kelly Osbourne	Changes	2003	Sanctuary	20 December 2003	1
968	Michael Andrews featuring Gary Jules	Mad World	2003	Adventure/Sanctuary	27 December 2003	3
969	Michelle	All This Time	2004	S	17 January 2004	3
970	LMC vs. U2	Take Me to the Clouds Above	2004	AATW	7 February 2004	2
971	Sam & Mark	With a Little Help from My Friends	2004	19	21 February 2004	1
972	Busted	Who's David?	2004	Universal	28 February 2004	1
973	Peter Andre featuring Bubbler Ranx	Mysterious Girl	2004	A&E	6 March 2004	1
974	Britney Spears	Toxic	2004	Jive	13 March 2004	1
975	DJ Casper	Cha Cha Slide	2004	AATW	20 March 2004	1
976	Usher featuring Lil Jon and Ludacris	Yeah!	2004	Arista	27 March 2004	2
977	McFly	5 Colours in Her Hair	2004	Universal	10 April 2004	2
978	Eamon	Fuck It (I Don't Want You Back)	2004	Jive	24 April 2004	4
979	Frankee	F.U.R.B. (Fuck You Right Back)	2004	AATW	22 May 2004	3
980	Mario Winans featuring Enya and P. Diddy	I Don't Wanna Know	2004	Bad Boy	12 June 2004	2
981	Britney Spears	Everytime	2004	Jive	26 June 2004	1
982	McFly	Obviously	2004	Universal	3 July 2004	1
983	Usher	Burn	2004	Laface	10 July 2004	2
984	The Shapeshifters	Lola's Theme	2004	Positiva	24 July 2004	1
985	The Streets	Dry Your Eyes	2004	679/Locked On	31 July 2004	1
986	Busted	Thunderbirds / 3AM	2004	Universal	7 August 2004	2
987	3 of a Kind	Baby Cakes	2004	Relentless	21 August 2004	1
988	Natasha Bedingfield	These Words	2004	Phonogenic	28 August 2004	2
989	Nelly	My Place / Flap Your Wings	2004	Universal	11 September 2004	1
990	Brian McFadden	Real to Me	2004	Modest/Sony Music	18 September 2004	1
991	Eric Prydz	Call on Me	2004	Data	25 September 2004	3
992	Robbie Williams	Radio	2004	Chrysalis	16 October 2004	1
993	Ja Rule featuring R. Kelly and Ashanti	Wonderful	2004	Def Jam	6 November 2004	1
994	Eminem	Just Lose It	2004	Interscope	13 November 2004	1
995	U2	Vertigo	2004	Island	20 November 2004	1
996	Girls Aloud	I'll Stand by You	2004	Polydor	27 November 2004	2
997	Band Aid 20	Do They Know It's Christmas?	2004	Mercury	11 December 2004	4
998	Steve Brookstein	Against All Odds	2005	Syco	8 January 2005	1
999	Elvis Presley	Jailhouse Rock (reissue)	2005	RCA	15 January 2005	1
1000	Elvis Presley	One Night / I Got Stung (reissue)	2005	RCA	22 January 2005	1
1001	Ciara featuring Petey Pablo	Goodies	2005	Laface	29 January 2005	1
1002	Elvis Presley	It's Now or Never (reissue)	2005	RCA	5 February 2005	1
1003	Eminem	Like Toy Soldiers	2005	Interscope	12 February 2005	1
1004	U2	Sometimes You Can't Make It on Your Own	2005	Island	19 February 2005	1
1005	Jennifer Lopez	Get Right	2005	Epic	26 February 2005	1
1006	Nelly featuring Tim McGraw	Over and Over	2005	Curb/Universal	5 March 2005	1
1007	Stereophonics	Dakota	2005	V2	12 March 2005	1
1008	McFly	All About You / You've Got a Friend	2005	Island	19 March 2005	1
1009	Tony Christie featuring Peter Kay	(Is This the Way to) Amarillo	2005	Universal Music TV	26 March 2005	7
1010	Akon	Lonely	2005	Universal	14 May 2005	2
1011	Oasis	Lyla	2005	Big Brother	28 May 2005	1
1012	Crazy Frog	Axel F	2005	Gusto	4 June 2005	4
1013	2Pac featuring Elton John	Ghetto Gospel	2005	Interscope	2 July 2005	3
1014	James Blunt	You're Beautiful	2005	Atlantic	23 July 2005	5
1015	McFly	I'll Be OK	2005	Island	27 August 2005	1
1016	Oasis	The Importance of Being Idle	2005	Big Brother	3 September 2005	1
1017	Gorillaz	Dare	2005	Parlophone	10 September 2005	1
1018	The Pussycat Dolls featuring Busta Rhymes	Don't Cha	2005	A&M	17 September 2005	3
1019	Sugababes	Push the Button	2005	Island	8 October 2005	3
1020	Arctic Monkeys	I Bet You Look Good on the Dancefloor	2005	Domino	29 October 2005	1
1021	Westlife	You Raise Me Up	2005	S	5 November 2005	2
1022	Madonna	Hung Up	2005	Warner Bros.	19 November 2005	3
1023	The Pussycat Dolls	Stickwitu	2005	A&M	10 December 2005	2
1024	Nizlopi	JCB	2005	FDM	24 December 2005	1
1025	Shayne Ward	That's My Goal	2005	Syco	31 December 2005	4
1026	Arctic Monkeys	When the Sun Goes Down	2006	Domino	28 January 2006	1
1027	The Notorious B.I.G. featuring Diddy, Nelly, Jagged Edge and Avery Storm	Nasty Girl	2006	Bad Boy	4 February 2006	2
1028	Meck featuring Leo Sayer	Thunder in My Heart Again	2006	Apollo/Free2air	18 February 2006	2
1029	Madonna	Sorry	2006	Warner Bros.	4 March 2006	1
1030	Chico	It's Chico Time	2006	Sony BMG	11 March 2006	2
1031	Orson	No Tomorrow	2006	Mercury	25 March 2006	1
1032	Ne-Yo	So Sick	2006	Def Jam	1 April 2006	1
1033	Gnarls Barkley	Crazy	2006	Warner Bros.	8 April 2006	9
1034	Sandi Thom	I Wish I Was a Punk Rocker (With Flowers in My Hair)	2006	Viking Legacy	10 June 2006	1
1035	Nelly Furtado	Maneater	2006	Geffen	17 June 2006	3
1036	Shakira featuring Wyclef Jean	Hips Don't Lie	2006	Epic	8 July 2006	1
1037	Lily Allen	Smile	2006	Regal Recordings	15 July 2006	2
1038	McFly	Don't Stop Me Now / Please, Please	2006	Island	29 July 2006	1
1039	Beyoncé featuring Jay-Z	Déjà Vu	2006	Columbia	2 September 2006	1
1040	Justin Timberlake	SexyBack	2006	Jive	9 September 2006	1
1041	Scissor Sisters	I Don't Feel Like Dancin'	2006	Polydor	16 September 2006	4
1042	Razorlight	America	2006	Vertigo	14 October 2006	1
1043	My Chemical Romance	Welcome to the Black Parade	2006	Reprise	21 October 2006	2
1044	McFly	Star Girl	2006	Island	4 November 2006	1
1045	Fedde Le Grand	Put Your Hands Up For Detroit	2006	Data	11 November 2006	1
1046	Westlife	The Rose	2006	S	18 November 2006	1
1047	Akon featuring Eminem	Smack That	2006	Universal	25 November 2006	1
1048	Take That	Patience	2006	Polydor	2 December 2006	4
1049	Leona Lewis	A Moment Like This	2006	Syco	30 December 2006	4
1050	Mika	Grace Kelly	2007	Casablanca/Island	27 January 2007	5
1051	Kaiser Chiefs	Ruby	2007	B-Unique/Polydor	3 March 2007	1
1052	Take That	Shine	2007	Polydor	10 March 2007	2
1053	Sugababes vs. Girls Aloud	Walk This Way	2007	Fascination/Island	24 March 2007	1
1054	The Proclaimers featuring Brian Potter and Andy Pipkin	I'm Gonna Be (500 Miles)	2007	EMI	31 March 2007	3
1055	Timbaland featuring Nelly Furtado and Justin Timberlake	Give It to Me	2007	Interscope	21 April 2007	1
1056	Beyoncé and Shakira	Beautiful Liar	2007	Columbia	28 April 2007	3
1057	McFly	Baby's Coming Back / Transylvania	2007	Island	19 May 2007	1
1058	Rihanna featuring Jay-Z	Umbrella	2007	Def Jam	26 May 2007	10
1059	Timbaland featuring Keri Hilson	The Way I Are	2007	Interscope	4 August 2007	2
1060	Robyn with Kleerup	With Every Heartbeat	2007	Konichiwa	18 August 2007	1
1061	Kanye West	Stronger	2007	Roc-A-Fella	25 August 2007	2
1062	Sean Kingston	Beautiful Girls	2007	Beluga Heights	8 September 2007	4
1063	Sugababes	About You Now	2007	Island	6 October 2007	4
1064	Leona Lewis	Bleeding Love	2007	Syco	3 November 2007	7
1065	Katie Melua and Eva Cassidy	What a Wonderful World	2007	Dramatico	22 December 2007	1
1066	Leon Jackson	When You Believe	2007	Syco	29 December 2007	3
1067	Basshunter featuring DJ Mental Theo's Bazzheadz	Now You're Gone	2008	Hard2Beat	19 January 2008	5
1068	Duffy	Mercy	2008	A&M	23 February 2008	5
1069	Estelle featuring Kanye West	American Boy	2008	Atlantic/HomeSchool	29 March 2008	4
1070	Madonna featuring Justin Timberlake	4 Minutes	2008	Warner Bros.	26 April 2008	4
1071	The Ting Tings	That's Not My Name	2008	Columbia	24 May 2008	1
1072	Rihanna	Take a Bow	2008	Def Jam	31 May 2008	2
1073	Mint Royale	Singin' in the Rain	2008	Direction	14 June 2008	2
1074	Coldplay	Viva la Vida	2008	Parlophone	28 June 2008	1
1075	Ne-Yo	Closer	2008	Def Jam	5 July 2008	1
1076	Dizzee Rascal featuring Calvin Harris and Chrome	Dance wiv Me	2008	Dirtee Stank	12 July 2008	4
1077	Kid Rock	All Summer Long	2008	Atlantic	9 August 2008	1
1078	Katy Perry	I Kissed a Girl	2008	Virgin	16 August 2008	5
1079	Kings of Leon	Sex on Fire	2008	HandMeDown	20 September 2008	3
1080	Pink	So What	2008	Laface	11 October 2008	3
1081	Girls Aloud	The Promise	2008	Fascination	1 November 2008	1
1082	The X Factor Finalists	Hero	2008	Syco	8 November 2008	3
1083	Beyoncé	If I Were a Boy	2008	Columbia	29 November 2008	1
1084	Take That	Greatest Day	2008	Polydor	6 December 2008	1
1085	Leona Lewis	Run	2008	Syco	13 December 2008	2
1086	Alexandra Burke	Hallelujah	2008	Syco	27 December 2008	3
1087	Lady Gaga featuring Colby O'Donis	Just Dance	2009	Interscope	17 January 2009	3
1088	Lily Allen	The Fear	2009	Regal Recordings	7 February 2009	4
1089	Kelly Clarkson	My Life Would Suck Without You	2009	RCA	7 March 2009	1
1090	Flo Rida featuring Kesha	Right Round	2009	Atlantic	14 March 2009	1
1091	Vanessa Jenkins and Bryn West featuring Tom Jones and Robin Gibb	(Barry) Islands in the Stream	2009	Mercury	21 March 2009	1
1092	Lady Gaga	Poker Face	2009	Interscope	28 March 2009	3
1093	Calvin Harris	I'm Not Alone	2009	Columbia	18 April 2009	2
1094	Tinchy Stryder featuring N-Dubz	Number 1	2009	4th and Broadway	2 May 2009	3
1095	The Black Eyed Peas	Boom Boom Pow	2009	Interscope	23 May 2009	1
1096	Dizzee Rascal featuring Armand Van Helden	Bonkers	2009	Dirtee Stank	30 May 2009	2
1097	Pixie Lott	Mama Do (Uh Oh, Uh Oh)	2009	Mercury	20 June 2009	1
1098	David Guetta featuring Kelly Rowland	When Love Takes Over	2009	Positiva	27 June 2009	1
1099	La Roux	Bulletproof	2009	Polydor	4 July 2009	1
1100	Cascada	Evacuate the Dancefloor	2009	AATW/Universal Music TV	11 July 2009	2
1101	JLS	Beat Again	2009	Epic	25 July 2009	2
1102	The Black Eyed Peas	I Gotta Feeling	2009	Interscope	8 August 2009	1
1103	Tinchy Stryder featuring Amelle Berrabah	Never Leave You	2009	Fourth and Broadway	15 August 2009	1
1104	David Guetta featuring Akon	Sexy Chick	2009	Positiva/Virgin	29 August 2009	1
1105	Dizzee Rascal featuring Chrome	Holiday	2009	Dirtee Stank	5 September 2009	1
1106	Jay-Z featuring Rihanna and Kanye West	Run This Town	2009	Roc Nation	12 September 2009	1
1107	Pixie Lott	Boys and Girls	2009	Mercury	19 September 2009	1
1108	Taio Cruz	Break Your Heart	2009	Island	26 September 2009	3
1109	Chipmunk	Oopsy Daisy	2009	Jive	17 October 2009	1
1110	Alexandra Burke featuring Flo Rida	Bad Boys	2009	Syco	24 October 2009	1
1111	Cheryl Cole	Fight for This Love	2009	Fascination	31 October 2009	2
1112	JLS	Everybody in Love	2009	Epic	14 November 2009	1
1113	The Black Eyed Peas	Meet Me Halfway	2009	Interscope	21 November 2009	1
1114	The X Factor Finalists 2009	You Are Not Alone	2009	Syco	28 November 2009	1
1115	Peter Kay's Animated All Star Band	The Official BBC Children in Need Medley	2009	Epic	5 December 2009	2
1116	Lady Gaga	Bad Romance	2009	Interscope	19 December 2009	1
1117	Rage Against the Machine	Killing in the Name	2009	Epic	26 December 2009	1
1118	Joe McElderry	The Climb	2010	Syco	2 January 2010	1
re	Lady Gaga	Bad Romance	2010	Interscope	9 January 2010	1
1119	Iyaz	Replay	2010	Reprise	16 January 2010	2
1120	Owl City	Fireflies	2010	Island	30 January 2010	3
1121	Helping Haiti	Everybody Hurts	2010	Syco	20 February 2010	2
1122	Jason Derulo	In My Head	2010	Warner Bros.	6 March 2010	1
1123	Tinie Tempah	Pass Out	2010	Parlophone	13 March 2010	2
1124	Lady Gaga featuring Beyoncé	Telephone	2010	Interscope	27 March 2010	2
1125	Scouting for Girls	This Ain't a Love Song	2010	Epic	10 April 2010	2
1126	Usher featuring will.i.am	OMG	2010	LaFace	24 April 2010	1
1127	Diana Vickers	Once	2010	RCA	1 May 2010	1
1128	Roll Deep	Good Times	2010	Relentless, Virgin	8 May 2010	3
1129	B.o.B featuring Bruno Mars	Nothin' on You	2010	Atlantic	29 May 2010	1
1130	Dizzee Rascal	Dirtee Disco	2010	Dirtee Stank	5 June 2010	1
1131	David Guetta and Chris Willis featuring Fergie and LMFAO	Gettin' Over You	2010	Positiva, Virgin	12 June 2010	1
1132	Shout for England featuring Dizzee Rascal and James Corden	Shout	2010	Syco	19 June 2010	2
1133	Katy Perry featuring Snoop Dogg	California Gurls	2010	Virgin	3 July 2010	2
1134	JLS	The Club Is Alive	2010	Epic	17 July 2010	1
1135	B.o.B featuring Hayley Williams	Airplanes	2010	Atlantic	24 July 2010	1
1136	Yolanda Be Cool and DCUP	We No Speak Americano	2010	AATW, Sweat It Out	31 July 2010	1
1137	The Wanted	All Time Low	2010	Geffen	7 August 2010	1
1138	Ne-Yo	Beautiful Monster	2010	Def Jam	14 August 2010	1
1139	Flo Rida featuring David Guetta	Club Can't Handle Me	2010	Atlantic	21 August 2010	1
1140	Roll Deep	Green Light	2010	Relentless, Virgin	28 August 2010	1
1141	Taio Cruz	Dynamite	2010	4th and Broadway	4 September 2010	1
1142	Olly Murs	Please Don't Let Me Go	2010	Epic, Syco	11 September 2010	1
1143	Alexandra Burke featuring Laza Morgan	Start Without You	2010	Syco	18 September 2010	2
1144	Bruno Mars	Just the Way You Are (Amazing)	2010	Elektra	2 October 2010	1
1145	Tinie Tempah featuring Eric Turner	Written in the Stars	2010	Parlophone	9 October 2010	1
1146	CeeLo Green	Forget You	2010	Warner Bros.	16 October 2010	2
1147	Cheryl Cole	Promise This	2010	Polydor	6 November 2010	1
1148	Rihanna	Only Girl (In the World)	2010	Def Jam	13 November 2010	2
1149	JLS	Love You More	2010	Epic	27 November 2010	1
1150	The X Factor Finalists 2010	Heroes	2010	Syco	4 December 2010	2
1151	The Black Eyed Peas	The Time (Dirty Bit)	2010	Interscope	18 December 2010	1
1152	Matt Cardle	When We Collide	2010	Syco	25 December 2010	3
1153	Rihanna featuring Drake	What's My Name?	2011	Def Jam	15 January 2011	1
1154	Bruno Mars	Grenade	2011	Elektra	22 January 2011	2
1155	Kesha	We R Who We R	2011	RCA	5 February 2011	1
1156	Jessie J featuring B.o.B	Price Tag	2011	Island, Lava	12 February 2011	2
1157	Adele	Someone Like You	2011	XL	26 February 2011	4
1158	Nicole Scherzinger	Don't Hold Your Breath	2011	Interscope	26 March 2011	1
1159	Jennifer Lopez featuring Pitbull	On the Floor	2011	Def Jam	9 April 2011	2
1160	LMFAO featuring Lauren Bennett and GoonRock	Party Rock Anthem	2011	Interscope	23 April 2011	4
1161	Bruno Mars	The Lazy Song	2011	Elektra	21 May 2011	1
1162	Pitbull featuring Ne-Yo, Afrojack and Nayer	Give Me Everything	2011	J	28 May 2011	3
1163	Example	Changed the Way You Kiss Me	2011	Ministry of Sound	18 June 2011	2
1164	Jason Derulo	Don't Wanna Go Home	2011	Warner Bros.	2 July 2011	2
1165	DJ Fresh featuring Sian Evans	Louder	2011	Ministry of Sound	16 July 2011	1
1166	The Wanted	Glad You Came	2011	Global Talent	23 July 2011	2
1167	JLS featuring Dev	She Makes Me Wanna	2011	Epic	6 August 2011	1
1168	Cher Lloyd	Swagger Jagger	2011	Syco	13 August 2011	1
1169	Nero	Promises	2011	MTA	20 August 2011	1
1170	Wretch 32 featuring Josh Kumra	Don't Go	2011	Levels, Ministry of Sound	27 August 2011	1
1171	Olly Murs featuring Rizzle Kicks	Heart Skips a Beat	2011	Epic, Syco	3 September 2011	1
1172	Example	Stay Awake	2011	Ministry of Sound	10 September 2011	1
1173	Pixie Lott	All About Tonight	2011	Mercury	17 September 2011	1
1174	One Direction	What Makes You Beautiful	2011	Syco	24 September 2011	1
1175	Dappy	No Regrets	2011	AATW, Takeover, Island	1 October 2011	1
1176	Sak Noel	Loca People	2011	3 Beat, AATW	8 October 2011	1
1177	Rihanna featuring Calvin Harris	We Found Love	2011	Def Jam	15 October 2011	3
1178	Professor Green featuring Emeli Sandé	Read All About It	2011	Virgin	5 November 2011	2
1179	The X Factor Finalists 2011 featuring JLS and One Direction	Wishing on a Star	2011	Syco	10 December 2011	1
1180	Olly Murs	Dance with Me Tonight	2011	Epic	17 December 2011	1
1181	Little Mix	Cannonball	2011	Syco	24 December 2011	1
1182	Military Wives with Gareth Malone	Wherever You Are	2011	Decca	31 December 2011	1
1183	Coldplay	Paradise	2012	Parlophone	7 January 2012	1
1184	Flo Rida	Good Feeling	2012	Atlantic	14 January 2012	1
1185	Jessie J	Domino	2012	Island, Lava	21 January 2012	2
1186	Cover Drive	Twilight	2012	Global Talent	4 February 2012	1
1187	David Guetta featuring Sia	Titanium	2012	Positiva, Virgin	11 February 2012	1
1188	Gotye featuring Kimbra	Somebody That I Used to Know	2012	Island	18 February 2012	1
1189	DJ Fresh featuring Rita Ora	Hot Right Now	2012	Ministry of Sound	25 February 2012	1
1190	Katy Perry	Part of Me	2012	Virgin	31 March 2012	1
1191	Chris Brown	Turn Up the Music	2012	RCA	7 April 2012	1
1192	Carly Rae Jepsen	Call Me Maybe	2012	Interscope	14 April 2012	4
1193	Tulisa	Young	2012	AATW, Island	12 May 2012	1
1194	Rita Ora featuring Tinie Tempah	RIP	2012	Columbia, Roc Nation	19 May 2012	2
1195	Fun featuring Janelle Monáe	We Are Young	2012	Atlantic, Fueled by Ramen	2 June 2012	1
1196	Rudimental featuring John Newman	Feel the Love	2012	Asylum, Black Butter	9 June 2012	1
1197	Gary Barlow and the Commonwealth Band	Sing	2012	Decca	16 June 2012	1
1198	Cheryl	Call My Name	2012	Polydor	23 June 2012	1
1199	Maroon 5 featuring Wiz Khalifa	Payphone	2012	A&M/Octone	30 June 2012	1
1200	will.i.am featuring Eva Simons	This Is Love	2012	Interscope	7 July 2012	1
1201	Florence and the Machine	Spectrum (Say My Name)	2012	Island	21 July 2012	3
1202	Wiley featuring Ms D	Heatwave	2012	One More Tune, Warner Bros.	11 August 2012	2
1203	Rita Ora	How We Do (Party)	2012	Roc Nation, Columbia	25 August 2012	1
1204	Sam and the Womp	Bom Bom	2012	One More Tune	1 September 2012	1
1205	Little Mix	Wings	2012	Syco	8 September 2012	1
1206	Ne-Yo	Let Me Love You (Until You Learn to Love Yourself)	2012	Def Jam	15 September 2012	1
1207	The Script featuring will.i.am	Hall of Fame	2012	Epic, Phonogenic	22 September 2012	2
1208	Psy	Gangnam Style	2012	Island	6 October 2012	1
1209	Rihanna	Diamonds	2012	Def Jam	13 October 2012	1
1210	Swedish House Mafia featuring John Martin	Don't You Worry Child	2012	Virgin	20 October 2012	1
1211	Calvin Harris featuring Florence Welch	Sweet Nothing	2012	Columbia, Fly Eye	27 October 2012	1
1212	Labrinth featuring Emeli Sandé	Beneath Your Beautiful	2012	Syco	3 November 2012	1
1213	Robbie Williams	Candy	2012	Island	10 November 2012	2
1214	One Direction	Little Things	2012	Syco	24 November 2012	1
1215	Olly Murs featuring Flo Rida	Troublemaker	2012	Epic	1 December 2012	2
1216	Gabrielle Aplin	The Power of Love	2012	Parlophone	15 December 2012	1
1217	James Arthur	Impossible	2012	Syco	22 December 2012	1
1218	The Justice Collective	He Ain't Heavy, He's My Brother	2012	Metropolis	29 December 2012	1
re	James Arthur	Impossible	2013	Syco	5 January 2013	2
1219	will.i.am featuring Britney Spears	Scream & Shout	2013	Interscope	19 January 2013	2
1220	Bingo Players featuring Far East Movement	Get Up (Rattle)	2013	Ministry of Sound	2 February 2013	2
1221	Macklemore & Ryan Lewis featuring Wanz	Thrift Shop	2013	Macklemore	16 February 2013	1
1222	Avicii vs. Nicky Romero	I Could Be the One	2013	Positiva, Virgin	23 February 2013	1
1223	One Direction	One Way or Another (Teenage Kicks)	2013	Syco	2 March 2013	1
1224	Justin Timberlake	Mirrors	2013	RCA	9 March 2013	3
1225	The Saturdays featuring Sean Paul	What About Us	2013	Polydor	30 March 2013	1
1226	PJ & Duncan	Let's Get Ready to Rhumble	2013	Sony BMG	6 April 2013	1
1227	Duke Dumont featuring A*M*E	Need U (100%)	2013	Ministry of Sound	13 April 2013	2
1228	Rudimental featuring Ella Eyre	Waiting All Night	2013	Asylum, Black Butter	27 April 2013	1
1229	Daft Punk featuring Pharrell Williams	Get Lucky	2013	Columbia	4 May 2013	4
1230	Naughty Boy featuring Sam Smith	La La La	2013	Virgin	1 June 2013	1
1231	Robin Thicke featuring T.I. and Pharrell	Blurred Lines	2013	Interscope	8 June 2013	4
1232	Icona Pop featuring Charli XCX	I Love It	2013	Atlantic	6 July 2013	1
1233	John Newman	Love Me Again	2013	Island	13 July 2013	1
1234	Avicii	Wake Me Up	2013	Positiva, Virgin	27 July 2013	3
1235	Miley Cyrus	We Can't Stop	2013	RCA	17 August 2013	1
1236	Ellie Goulding	Burn	2013	Polydor	24 August 2013	3
1237	Katy Perry	Roar	2013	Virgin	14 September 2013	2
1238	Jason Derulo featuring 2 Chainz	Talk Dirty	2013	Warner Bros., Def Jam	28 September 2013	2
1239	OneRepublic	Counting Stars	2013	Interscope	12 October 2013	1
1240	Miley Cyrus	Wrecking Ball	2013	RCA	19 October 2013	1
1241	Lorde	Royals	2013	Republic	2 November 2013	1
1242	Eminem featuring Rihanna	The Monster	2013	Interscope	9 November 2013	1
1243	Storm Queen	Look Right Through	2013	Ministry of Sound	16 November 2013	1
1244	Martin Garrix	Animals	2013	Spinnin'	23 November 2013	1
1245	Lily Allen	Somewhere Only We Know	2013	Warner Bros.	30 November 2013	1
1246	Calvin Harris and Alesso featuring Hurts	Under Control	2013	Sony Music	7 December 2013	1
1247	Sam Bailey	Skyscraper	2013	Syco	28 December 2013	1
1248	Pharrell Williams	Happy	2014	Columbia	4 January 2014	1
1249	Pitbull featuring Kesha	Timber	2014	RCA	11 January 2014	1
1250	Clean Bandit featuring Jess Glynne	Rather Be	2014	Atlantic	1 February 2014	4
1251	Sam Smith	Money on My Mind	2014	Capitol	1 March 2014	1
1252	Route 94 featuring Jess Glynne	My Love	2014	Rinse	15 March 2014	1
1253	Dvbbs and Borgeous featuring Tinie Tempah	Tsunami (Jump)	2014	Spinnin'	22 March 2014	1
1254	Duke Dumont featuring Jax Jones	I Got U	2014	Virgin EMI	29 March 2014	1
1255	5 Seconds of Summer	She Looks So Perfect	2014	Capitol	5 April 2014	1
1256	Aloe Blacc	The Man	2014	Interscope	12 April 2014	1
1257	Sigma	Nobody to Love	2014	3Beat	19 April 2014	1
1258	Kiesza	Hideaway	2014	Lokal Legend	26 April 2014	1
1259	Mr Probz	Waves	2014	Epic	3 May 2014	1
1260	Calvin Harris	Summer	2014	Columbia	10 May 2014	1
1261	Rita Ora	I Will Never Let You Down	2014	Columbia	24 May 2014	1
1262	Sam Smith	Stay with Me	2014	Capitol	31 May 2014	1
1263	Secondcity	I Wanna Feel	2014	Ministry of Sound	7 June 2014	1
1264	Ed Sheeran	Sing	2014	Atlantic	14 June 2014	1
1265	Ella Henderson	Ghost	2014	Syco	21 June 2014	2
1266	Oliver Heldens and Becky Hill	Gecko (Overdrive)	2014	Parlophone	5 July 2014	1
1267	Ariana Grande featuring Iggy Azalea	Problem	2014	Republic	12 July 2014	1
1268	will.i.am featuring Cody Wise	It's My Birthday	2014	Interscope	19 July 2014	1
1269	Rixton	Me and My Broken Heart	2014	Interscope	26 July 2014	1
1270	Cheryl featuring Tinie Tempah	Crazy Stupid Love	2014	Polydor	2 August 2014	1
1271	Magic!	Rude	2014	RCA	9 August 2014	1
1272	Nico & Vinz	Am I Wrong	2014	EMI, Warner Bros.	16 August 2014	2
1273	David Guetta featuring Sam Martin	Lovers on the Sun	2014	Parlophone	30 August 2014	1
1274	Lilly Wood and Robin Schulz	Prayer in C	2014	Atlantic/Warner Music	6 September 2014	2
1275	Calvin Harris featuring John Newman	Blame	2014	Columbia	20 September 2014	1
1276	Sigma featuring Paloma Faith	Changing	2014	3Beat	27 September 2014	1
1277	Jessie J, Ariana Grande and Nicki Minaj	Bang Bang	2014	Republic	4 October 2014	1
1278	Meghan Trainor	All About That Bass	2014	Epic	11 October 2014	4
1279	Ed Sheeran	Thinking Out Loud	2014	Atlantic	8 November 2014	1
1280	Cheryl	I Don't Care	2014	Polydor	15 November 2014	1
1281	Gareth Malone's All Star Choir	Wake Me Up	2014	Decca	22 November 2014	1
1282	Band Aid 30	Do They Know It's Christmas?	2014	Virgin EMI, Universal Music	29 November 2014	1
1283	Take That	These Days	2014	Polydor	6 December 2014	1
1284	Mark Ronson featuring Bruno Mars	Uptown Funk	2014	Sony	20 December 2014	1
1285	Ben Haenow	Something I Need	2014	Syco	27 December 2014	1
re	Mark Ronson featuring Bruno Mars	Uptown Funk	2015	Sony	3 January 2015	6
1286	Ellie Goulding	Love Me like You Do	2015	Polydor	14 February 2015	4
1287	Years & Years	King	2015	Polydor	14 March 2015	1
1288	Sam Smith featuring John Legend	Lay Me Down	2015	Capitol	21 March 2015	2
1289	Jess Glynne	Hold My Hand	2015	East West Records/Warner Music	4 April 2015	3
1290	Wiz Khalifa featuring Charlie Puth	See You Again	2015	Atlantic	25 April 2015	2
1291	Omi	Cheerleader	2015	Oufah	9 May 2015	4
1292	Jason Derulo	Want to Want Me	2015	Warner Bros.	6 June 2015	4
1293	Tinie Tempah featuring Jess Glynne	Not Letting Go	2015	Parlophone	4 July 2015	1
1294	Lost Frequencies	Are You with Me	2015	AATW	9 July 2015	1
1295	David Zowie	House Every Weekend	2015	Positiva	16 July 2015	1
1296	Little Mix	Black Magic	2015	Syco	23 July 2015	3
1297	One Direction	Drag Me Down	2015	Syco	13 August 2015	1
1298	Charlie Puth featuring Meghan Trainor	Marvin Gaye	2015	Atlantic	20 August 2015	1
1299	Jess Glynne	Don't Be So Hard on Yourself	2015	Atlantic/Warner Music	27 August 2015	1
1300	Rachel Platten	Fight Song	2015	Columbia	3 September 2015	1
1301	Justin Bieber	What Do You Mean?	2015	Def Jam	10 September 2015	1
1302	Sigala	Easy Love	2015	Ministry of Sound	17 September 2015	1
1303	Sam Smith	Writing's on the Wall	2015	Capitol	8 October 2015	1
1304	KDA featuring Tinie Tempah and Katy B	Turn the Music Louder (Rumble)	2015	Ministry of Sound	29 October 2015	1
1305	Adele	Hello	2015	XL Recordings	5 November 2015	3
1306	Justin Bieber	Sorry	2015	Def Jam	26 November 2015	2
1307	Justin Bieber	Love Yourself	2015	Def Jam	10 December 2015	3
1308	The Lewisham and Greenwich NHS Choir	A Bridge over You	2015	EmuBands	31 December 2015	1
re	Justin Bieber	Love Yourself	2016	Def Jam	7 January 2016	3
1309	Shawn Mendes	Stitches	2016	Island	28 January 2016	2
1310	Zayn	Pillowtalk	2016	RCA	11 February 2016	1
1311	Lukas Graham	7 Years	2016	Warner Bros.	18 February 2016	5
1312	Mike Posner	I Took a Pill in Ibiza	2016	Island	24 March 2016	4
1313	Drake featuring Wizkid and Kyla	One Dance	2016	Cash Money, Republic	21 April 2016	15
1314	Major Lazer featuring Justin Bieber and MØ	Cold Water	2016	Because Music	4 August 2016	5
1315	The Chainsmokers featuring Halsey	Closer	2016	Columbia	8 September 2016	4
1316	James Arthur	Say You Won't Let Go	2016	Columbia	6 October 2016	3
1317	Little Mix	Shout Out to My Ex	2016	Syco	27 October 2016	3
1318	Clean Bandit featuring Sean Paul and Anne-Marie	Rockabye	2016	Atlantic/Warner Music	17 November 2016	9
1319	Ed Sheeran	Shape of You	2017	Atlantic	19 January 2017	13
1320	Harry Styles	Sign of the Times	2017	Columbia	20 April 2017	1
1321	Clean Bandit featuring Zara Larsson	Symphony	2017	Atlantic, Epic	4 May 2017	1
1322	DJ Khaled featuring Justin Bieber, Quavo, Chance the Rapper and Lil Wayne	I'm the One	2017	We the Best, Epic	11 May 2017	1
1323	Luis Fonsi and Daddy Yankee featuring Justin Bieber	Despacito	2017	Republic	18 May 2017	6
1324	Artists for Grenfell	Bridge over Troubled Water	2017	Syco	29 June 2017	1
1325	DJ Khaled featuring Rihanna and Bryson Tiller	Wild Thoughts	2017	We the Best, Epic	27 July 2017	1
1326	Calvin Harris featuring Pharrell Williams, Katy Perry and Big Sean	Feels	2017	Sony	17 August 2017	1
1327	Dua Lipa	New Rules	2017	Warner Bros.	24 August 2017	2
1328	Taylor Swift	Look What You Made Me Do	2017	Big Machine	7 September 2017	2
1329	Sam Smith	Too Good at Goodbyes	2017	Capitol	21 September 2017	3
1330	Post Malone featuring 21 Savage	Rockstar	2017	Republic	12 October 2017	4
1331	Camila Cabello featuring Young Thug	Havana	2017	Epic, Syco	9 November 2017	5
1332	Ed Sheeran	Perfect	2017	Asylum, Atlantic	14 December 2017	6
1333	Eminem featuring Ed Sheeran	River	2018	Interscope	25 January 2018	1
1334	Drake	God's Plan	2018	Cash Money, Republic	1 February 2018	9
1335	Rudimental featuring Jess Glynne, Macklemore and Dan Caplen	These Days	2018	Asylum	5 April 2018	1
1336	Lil Dicky featuring Chris Brown	Freaky Friday	2018	Dirty Burd	12 April 2018	1
1337	Drake	Nice for What	2018	Cash Money, Republic	19 April 2018	1
1338	Calvin Harris and Dua Lipa	One Kiss	2018	Columbia/Warner Brothers	26 April 2018	8
1339	Jess Glynne	I'll Be There	2018	Atlantic	21 June 2018	1
1340	Clean Bandit featuring Demi Lovato	Solo	2018	Atlantic	28 June 2018	1
1341	George Ezra	Shotgun	2018	Columbia	5 July 2018	2
re	Baddiel, Skinner and The Lightning Seeds	Three Lions	2018	Epic	19 July 2018	1
1342	Drake	In My Feelings	2018	Cash Money, Republic	26 July 2018	4
1343	Benny Blanco, Halsey and Khalid	Eastside	2018	Interscope	6 September 2018	1
1344	Calvin Harris and Sam Smith	Promises	2018	Columbia	13 September 2018	5
1345	Dave featuring Fredo	Funky Friday	2018	Dave, Neighbourhood	18 October 2018	1
1346	Lady Gaga and Bradley Cooper	Shallow	2018	Interscope	1 November 2018	2
1347	Ariana Grande	Thank U, Next	2018	Republic	15 November 2018	6
1348	LadBaby	We Built This City	2018	Frtyfve	27 December 2018	1
1349	Ava Max	Sweet but Psycho	2019	Atlantic	3 January 2019	4
1350	Ariana Grande	7 Rings	2019	Republic	31 January 2019	3
1351	Ariana Grande	Break Up with Your Girlfriend, I'm Bored	2019	Republic	21 February 2019	1
1352	Lewis Capaldi	Someone You Loved	2019	EMI	7 March 2019	7
1353	Lil Nas X	Old Town Road	2019	Columbia	25 April 2019	2
1354	Stormzy	Vossi Bop	2019	Merky	9 May 2019	2
1355	Ed Sheeran and Justin Bieber	I Don't Care	2019	Asylum	23 May 2019	8
1356	Shawn Mendes and Camila Cabello	Señorita	2019	EMI, Syco	18 July 2019	1
1357	Ed Sheeran featuring Khalid	Beautiful People	2019	Asylum	25 July 2019	1
1358	Ed Sheeran featuring Stormzy	Take Me Back to London	2019	Asylum	5 September 2019	5
1359	Tones and I	Dance Monkey	2019	Bad Batch	10 October 2019	11
1360	LadBaby	I Love Sausage Rolls	2019	Frtyfve	26 December 2019	1
1361	Ellie Goulding	River	2020	Polydor	2 January 2020	1
1362	Stormzy featuring Ed Sheeran and Burna Boy	Own It	2020	Atlantic/Merky	9 January 2020	3
1363	Eminem featuring Juice Wrld	Godzilla	2020	Interscope	30 January 2020	1
1364	Lewis Capaldi	Before You Go	2020	EMI	6 February 2020	1
1365	The Weeknd	Blinding Lights	2020	Republic	13 February 2020	2
1366	Billie Eilish	No Time to Die	2020	Interscope	27 February 2020	1
1367	Saint Jhn	Roses	2020	B1/Hitco/Ministry of Sound	26 March 2020	2
1368	Michael Ball, Captain Tom Moore and the NHS Voices of Care Choir	You'll Never Walk Alone	2020	Decca	30 April 2020	1
1369	BBC Radio 1's Live Lounge Allstars	Times Like These	2020	BBC/Columbia	7 May 2020	1
1370	Drake	Toosie Slide	2020	Republic/OVO	14 May 2020	1
1371	DaBaby featuring Roddy Ricch	Rockstar	2020	Interscope	21 May 2020	2
1372	Lady Gaga and Ariana Grande	Rain on Me	2020	Interscope	4 June 2020	1
1373	Jawsh 685 and Jason Derulo	Savage Love (Laxed – Siren Beat)	2020	Columbia	9 July 2020	3
1374	Joel Corry and MNEK	Head & Heart	2020	Asylum/Perfect Havoc	30 July 2020	6
1375	Cardi B featuring Megan Thee Stallion	WAP	2020	Atlantic	10 September 2020	3
1376	24kGoldn featuring Iann Dior	Mood	2020	Columbia	1 October 2020	4
1377	Internet Money featuring Gunna, Don Toliver and Nav	Lemonade	2020	Internet Money/TenThousand	29 October 2020	1
1378	Ariana Grande	Positions	2020	Republic	5 November 2020	6
1379	Mariah Carey	All I Want for Christmas Is You	2020	Columbia	17 December 2020	2
1380	LadBaby	Don't Stop Me Eatin'	2020	Frtyfve	31 December 2020	1
1381	Wham!	Last Christmas	2021	RCA	7 January 2021	1
1382	Little Mix	Sweet Melody	2021	RCA	14 January 2021	1
1383	Olivia Rodrigo	Drivers License	2021	Interscope	21 January 2021	9
1384	Nathan Evans, 220 Kid and Billen Ted	Wellerman	2021	Polydor	25 March 2021	2
1385	Lil Nas X	Montero (Call Me by Your Name)	2021	Columbia	8 April 2021	5
1386	Tion Wayne and Russ Millions	Body	2021	Atlantic	13 May 2021	3
1387	Olivia Rodrigo	Good 4 U	2021	Geffen	3 June 2021	5
1388	Ed Sheeran	Bad Habits	2021	Asylum	8 July 2021	11
1389	Ed Sheeran	Shivers	2021	Asylum	23 September 2021	4
1390	Elton John and Dua Lipa	Cold Heart (Pnau remix)	2021	EMI	21 October 2021	1
1391	Adele	Easy on Me	2021	Columbia	28 October 2021	7
1392	Ed Sheeran and Elton John	Merry Christmas	2021	Atlantic	16 December 2021	2
1393	LadBaby featuring Ed Sheeran and Elton John	Sausage Rolls for Everyone	2021	Frtyfve	30 December 2021	1
re	Ed Sheeran and Elton John	Merry Christmas	2022	Atlantic	6 January 2022	1
re	Adele	Easy on Me	2022	Columbia	13 January 2022	1
1394	Gayle	ABCDEFU	2022	Atlantic	20 January 2022	1
1395	Carolina Gaitán, Mauro Castillo, Adassa, Rhenzy Feliz, Diane Guerrero and Stephanie Beatriz	We Don't Talk About Bruno	2022	Walt Disney	27 January 2022	7
1396	Dave	Starlight	2022	Dave/Neighbourhood	17 March 2022	4
1397	Harry Styles	As It Was	2022	Columbia	14 April 2022	10
1398	Kate Bush	Running Up That Hill	2022	Fish People	23 June 2022	3
1399	LF System	Afraid to Feel	2022	Warner Music UK	14 July 2022	8
1400	Eliza Rose and Interplanetary Criminal	B.O.T.A. (Baddest of Them All)	2022	Rosebud/Warner Music UK	8 September 2022	2
1401	Lewis Capaldi	Forget Me	2022	Vertigo	22 September 2022	1
1402	David Guetta and Bebe Rexha	I'm Good (Blue)	2022	Warner Music UK	29 September 2022	1
1403	Sam Smith and Kim Petras	Unholy	2022	EMI	6 October 2022	4
1404	Taylor Swift	Anti-Hero	2022	EMI	3 November 2022	6
re	Mariah Carey	All I Want for Christmas Is You	2022	Columbia	15 December 2022	1
re	Wham!	Last Christmas	2022	RCA	22 December 2022	1
1405	LadBaby	Food Aid	2022	Frtyfve	29 December 2022	1
re	Wham!	Last Christmas	2023	RCA	5 January 2023	1
1406	Raye featuring 070 Shake	Escapism	2023	Human Re Sources	12 January 2023	1
1407	Lewis Capaldi	Pointless	2023	Vertigo	19 January 2023	1
1408	Miley Cyrus	Flowers	2023	Columbia	26 January 2023	10
1409	Ed Sheeran	Eyes Closed	2023	Asylum	6 April 2023	1
1410	Calvin Harris and Ellie Goulding	Miracle	2023	Sony	13 April 2023	2
1411	Lewis Capaldi	Wish You the Best	2023	Vertigo	27 April 2023	1
1412	Dave and Central Cee	Sprinter	2023	Live Yours/Neighbourhood	15 June 2023	10
1413	Billie Eilish	What Was I Made For?	2023	Interscope	24 August 2023	1
1414	Dua Lipa	Dance the Night	2023	Warner	31 August 2023	1
1415	Olivia Rodrigo	Vampire	2023	Geffen	7 September 2023	1
1416	Doja Cat	Paint the Town Red	2023	Ministry of Sound	14 September 2023	5
1417	Kenya Grace	Strangers	2023	Warner	19 October 2023	3
1418	Taylor Swift	Is It Over Now?	2023	EMI	9 November 2023	1
1419	The Beatles	Now and Then	2023	Apple	16 November 2023	1
1420	Jack Harlow	Lovin on Me	2023	Atlantic	23 November 2023	3
1421	Noah Kahan	Stick Season	2024	Republic	11 January 2024	7
1422	Beyoncé	Texas Hold 'Em	2024	Columbia/Parkwood	29 February 2024	4
1423	Benson Boone	Beautiful Things	2024	Night Street/Warner	28 March 2024	2
1424	Hozier	Too Sweet	2024	Rubyworks/Island/Columbia	18 April 2024	2
1425	Taylor Swift featuring Post Malone	Fortnight	2024	EMI	2 May 2024	1
1426	Sabrina Carpenter	Espresso	2024	Island	9 May 2024	5
1427	Eminem	Houdini	2024	Interscope	13 June 2024	2
1428	Sabrina Carpenter	Please Please Please	2024	Island	27 June 2024	3
1429	Charli XCX featuring Billie Eilish	Guess	2024	Atlantic	15 August 2024	1
1430	Chase & Status and Stormzy	Backbone	2024	EMI	22 August 2024	2
1431	Sabrina Carpenter	Taste	2024	Island	5 September 2024	9
1432	Gigi Perez	Sailor Song	2024	Interscope	7 November 2024	1
1433	Gracie Abrams	That's So True	2024	Interscope	14 November 2024	5
re	Wham!	Last Christmas	2024	RCA	19 December 2024	1